trial,state,auc,score_metric,replicate_label,sampler_seed,certainty,effectiveness,final_selfish_ratio,normalized_selfish_auc,peak_selfish_ratio,final_window_selfish_mean,n_rows,n_iter,mean_n_steps,min_n_steps,max_n_steps,mean_t_max,min_t_max,max_t_max,score_failed,trial_elapsed_sec,simulation_elapsed_sec,score_elapsed_sec,network,method,rep,run_dir,best_so_far,certainty_bin,effectiveness_bin,certainty_mid,effectiveness_mid
84,TrialState.COMPLETE,0.00614150446487,auc,optseed2,5201,1.0,0.9949981117027552,2.108222066057625e-05,0.00614150446487,0.0302220660576247,9.041930194424924e-05,1550,100,15.5,10,26,14.5,9,25,False,23.138574746903032,22.49132696702145,0.0128878690302371,Wiki-vote,GPR,optseed2,/Users/sota/projects/cap-sn/experiments/optimization_wiki_vote/optimize_runs_auc_20260618/gpr_optseed2,0.00614150446487,"(0.95, 1.0]","(0.95, 1.0]",0.975,0.975
90,TrialState.COMPLETE,0.0061626198042406,auc,optseed3,6203,0.9069793082263348,0.9343036197578456,1.9676739283204494e-05,0.0061626198042406,0.0303879128601546,7.6832981962989e-05,1531,100,15.31,10,27,14.31,9,26,False,22.19401082303375,22.124125992995687,0.0190259800292551,Wiki-vote,RANDOM,optseed3,/Users/sota/projects/cap-sn/experiments/optimization_wiki_vote/optimize_runs_auc_20260618/random_optseed3,0.0061626198042406,"(0.9, 0.95]","(0.9, 0.95]",0.925,0.925
74,TrialState.COMPLETE,0.0061644553283268,auc,optseed3,6201,1.0,0.957926613478163,2.6704146170063247e-05,0.0061644553283268,0.0303288826423049,9.369875849144998e-05,1509,100,15.09,10,24,14.09,9,23,False,23.496760717011057,22.884830867056735,0.0117346959887072,Wiki-vote,GPR,optseed3,/Users/sota/projects/cap-sn/experiments/optimization_wiki_vote/optimize_runs_auc_20260618/gpr_optseed3,0.0061644553283268,"(0.95, 1.0]","(0.95, 1.0]",0.975,0.975
10,TrialState.COMPLETE,0.0061672242559197,auc,optseed2,5203,0.9832700490470944,0.952636162499656,2.108222066057625e-05,0.0061672242559197,0.030257203092059,9.7446708831108e-05,1491,100,14.91,10,29,13.91,9,28,False,21.78445420600474,21.7212583249202,0.0190665810368955,Wiki-vote,RANDOM,optseed2,/Users/sota/projects/cap-sn/experiments/optimization_wiki_vote/optimize_runs_auc_20260618/random_optseed2,0.0061672242559197,"(0.95, 1.0]","(0.95, 1.0]",0.975,0.975
98,TrialState.COMPLETE,0.0061790730153185,auc,optseed2,5201,0.7878678301818395,0.971331294073152,2.8109627547434995e-05,0.0061790730153185,0.0302136331693605,0.0001026001405481,1505,100,15.05,10,26,14.05,9,25,False,21.442253301036544,20.960698912036605,0.0118861870141699,Wiki-vote,GPR,optseed2,/Users/sota/projects/cap-sn/experiments/optimization_wiki_vote/optimize_runs_auc_20260618/gpr_optseed2,0.00614150446487,"(0.75, 0.8]","(0.95, 1.0]",0.775,0.975
10,TrialState.COMPLETE,0.0061942959880151,auc,optseed2,5202,0.7817014041375738,0.9538683974750926,1.827125790583275e-05,0.0061942959880151,0.0302909346451159,7.96439447177325e-05,1479,100,14.79,10,25,13.79,9,24,False,21.766903704032305,21.703402836923487,0.0171182679478079,Wiki-vote,CMAES,optseed2,/Users/sota/projects/cap-sn/experiments/optimization_wiki_vote/optimize_runs_auc_20260618/cmaes_optseed2,0.0061942959880151,"(0.75, 0.8]","(0.95, 1.0]",0.775,0.975
99,TrialState.COMPLETE,0.0061994655387785,auc,optseed2,5201,0.783562354312499,0.9709581382130346,3.092059030217849e-05,0.0061994655387785,0.0302136331693605,0.0001016631529632,1505,100,15.05,10,26,14.05,9,25,False,21.28586072998587,20.769345644046552,0.0123185230186209,Wiki-vote,GPR,optseed2,/Users/sota/projects/cap-sn/experiments/optimization_wiki_vote/optimize_runs_auc_20260618/gpr_optseed2,0.00614150446487,"(0.75, 0.8]","(0.95, 1.0]",0.775,0.975
95,TrialState.COMPLETE,0.0062030457933705,auc,optseed1,4202,0.8226521169513068,0.9500463111120522,1.4054813773717496e-05,0.0062030457933705,0.0303457484188334,9.697821503865074e-05,1453,100,14.53,10,26,13.53,9,25,False,21.115148092038,21.05201541900169,0.0115338129689916,Wiki-vote,CMAES,optseed1,/Users/sota/projects/cap-sn/experiments/optimization_wiki_vote/optimize_runs_auc_20260618/cmaes_optseed1,0.0062030457933705,"(0.8, 0.85]","(0.95, 1.0]",0.825,0.975
20,TrialState.COMPLETE,0.0062058658315612,auc,optseed3,6203,0.8669522568456531,0.9343036586339624,1.827125790583275e-05,0.0062058658315612,0.0303921293042867,7.870695713281799e-05,1532,100,15.32,10,27,14.32,9,26,False,22.36422689410392,22.29953075502999,0.0173717109719291,Wiki-vote,RANDOM,optseed3,/Users/sota/projects/cap-sn/experiments/optimization_wiki_vote/optimize_runs_auc_20260618/random_optseed3,0.0062058658315612,"(0.85, 0.9]","(0.9, 0.95]",0.875,0.925
90,TrialState.COMPLETE,0.0062083862010582,auc,optseed3,6204,0.5706817910554302,0.9504698599740268,1.9676739283204494e-05,0.0062083862010582,0.0303457484188334,0.0001119700163972,1480,100,14.8,10,27,13.8,9,26,False,20.91708534595091,20.83859071705956,0.0188279279973357,Wiki-vote,GA,optseed3,/Users/sota/projects/cap-sn/experiments/optimization_wiki_vote/optimize_runs_auc_20260618/ga_optseed3,0.0062083862010582,"(0.55, 0.6]","(0.95, 1.0]",0.575,0.975
99,TrialState.COMPLETE,0.0062091532867749,auc,optseed3,6201,0.5,0.9558377999774446,1.9676739283204494e-05,0.0062091532867749,0.0302586085734364,9.416725228390723e-05,1507,100,15.07,10,27,14.07,9,26,False,22.131128023960628,21.679928455036137,0.0116315949708223,Wiki-vote,GPR,optseed3,/Users/sota/projects/cap-sn/experiments/optimization_wiki_vote/optimize_runs_auc_20260618/gpr_optseed3,0.0061644553283268,"(0.499, 0.55]","(0.95, 1.0]",0.5245,0.975
11,TrialState.COMPLETE,0.0062092914128605,auc,optseed2,5203,0.6291935727341351,0.9725070789678234,2.6704146170063247e-05,0.0062092914128605,0.030196767392832,0.0001068165846802,1511,100,15.11,10,26,14.11,9,25,False,21.642892987001687,21.574551003985107,0.0215466800145804,Wiki-vote,RANDOM,optseed2,/Users/sota/projects/cap-sn/experiments/optimization_wiki_vote/optimize_runs_auc_20260618/random_optseed2,0.0061672242559197,"(0.6, 0.65]","(0.95, 1.0]",0.625,0.975
64,TrialState.COMPLETE,0.0062095643480356,auc,optseed1,4201,1.0,0.9577019120116064,2.2487702037948e-05,0.0062095643480356,0.0303162333099086,9.041930194424924e-05,1496,100,14.96,10,26,13.96,9,25,False,23.23987027106341,22.831822783104144,0.0117044750368222,Wiki-vote,GPR,optseed1,/Users/sota/projects/cap-sn/experiments/optimization_wiki_vote/optimize_runs_auc_20260618/gpr_optseed1,0.0062095643480356,"(0.95, 1.0]","(0.95, 1.0]",0.975,0.975
98,TrialState.COMPLETE,0.0062100860755703,auc,optseed3,6202,0.948540937851738,0.9534057271092647,2.2487702037947995e-05,0.0062100860755703,0.0302642304989458,9.1824783321621e-05,1474,100,14.74,10,26,13.74,9,25,False,21.91724029497709,21.846137640997767,0.017296339967288,Wiki-vote,CMAES,optseed3,/Users/sota/projects/cap-sn/experiments/optimization_wiki_vote/optimize_runs_auc_20260618/cmaes_optseed3,0.0062100860755703,"(0.9, 0.95]","(0.95, 1.0]",0.925,0.975
51,TrialState.COMPLETE,0.0062113655700647,auc,optseed1,4204,0.7844052045869854,0.953602872833816,1.827125790583275e-05,0.0062113655700647,0.0302656359803232,9.463574607636448e-05,1489,100,14.89,9,25,13.89,8,24,False,21.78637180896476,21.72283918200992,0.0120835399720817,Wiki-vote,GA,optseed1,/Users/sota/projects/cap-sn/experiments/optimization_wiki_vote/optimize_runs_auc_20260618/ga_optseed1,0.0062113655700647,"(0.75, 0.8]","(0.95, 1.0]",0.775,0.975
41,TrialState.COMPLETE,0.0062131986428378,auc,optseed3,6202,0.947158804419561,0.9531932924568308,2.108222066057625e-05,0.0062131986428378,0.030257203092059,9.697821503865076e-05,1473,100,14.73,10,29,13.73,9,28,False,21.91595682001207,21.84803639398888,0.0171612380072474,Wiki-vote,CMAES,optseed3,/Users/sota/projects/cap-sn/experiments/optimization_wiki_vote/optimize_runs_auc_20260618/cmaes_optseed3,0.0062131986428378,"(0.9, 0.95]","(0.95, 1.0]",0.925,0.975
98,TrialState.COMPLETE,0.0062134409711643,auc,optseed3,6204,0.7146249446067194,0.9504698599740268,1.546029515108925e-05,0.0062134409711643,0.030344342937456,0.0001044741157179,1467,100,14.67,10,23,13.67,9,22,False,20.683935364941135,20.60984793608077,0.0186795969493687,Wiki-vote,GA,optseed3,/Users/sota/projects/cap-sn/experiments/optimization_wiki_vote/optimize_runs_auc_20260618/ga_optseed3,0.0062083862010582,"(0.7, 0.75]","(0.95, 1.0]",0.725,0.975
83,TrialState.COMPLETE,0.0062140158504946,auc,optseed2,5202,0.8034451058651868,0.9948800023651512,2.389318341531975e-05,0.0062140158504946,0.0302389318341531,9.323026469899272e-05,1520,100,15.2,10,25,14.2,9,24,False,22.46645901899319,22.393654464976866,0.0172417600406333,Wiki-vote,CMAES,optseed2,/Users/sota/projects/cap-sn/experiments/optimization_wiki_vote/optimize_runs_auc_20260618/cmaes_optseed2,0.0061942959880151,"(0.8, 0.85]","(0.95, 1.0]",0.825,0.975
7,TrialState.COMPLETE,0.0062142707869423,auc,optseed1,4203,0.9348749770850072,0.9528349910031864,1.6865776528460998e-05,0.0062142707869423,0.0302586085734364,9.416725228390723e-05,1480,100,14.8,10,29,13.8,9,28,False,21.932670064037666,21.862760154064745,0.0189856600482016,Wiki-vote,RANDOM,optseed1,/Users/sota/projects/cap-sn/experiments/optimization_wiki_vote/optimize_runs_auc_20260618/random_optseed1,0.0062142707869423,"(0.9, 0.95]","(0.95, 1.0]",0.925,0.975
79,TrialState.COMPLETE,0.0062157629341176,auc,optseed2,5201,1.0,0.993308964320389,2.9515108924806747e-05,0.0062157629341176,0.0301658468025298,0.000126024830171,1525,100,15.25,10,27,14.25,9,26,False,23.373820972978137,22.61954422306735,0.0117598559008911,Wiki-vote,GPR,optseed2,/Users/sota/projects/cap-sn/experiments/optimization_wiki_vote/optimize_runs_auc_20260618/gpr_optseed2,0.0062157629341176,"(0.95, 1.0]","(0.95, 1.0]",0.975,0.975
5,TrialState.COMPLETE,0.0062167474365688,auc,optseed3,6204,0.9276672979082008,0.9496582275092168,1.4054813773717496e-05,0.0062167474365688,0.030344342937456,9.83836964160225e-05,1452,100,14.52,10,26,13.52,9,25,False,20.935682831914164,20.866280938033015,0.0189523000735789,Wiki-vote,GA,optseed3,/Users/sota/projects/cap-sn/experiments/optimization_wiki_vote/optimize_runs_auc_20260618/ga_optseed3,0.0062167474365688,"(0.9, 0.95]","(0.9, 0.95]",0.925,0.925
84,TrialState.COMPLETE,0.0062167474365688,auc,optseed3,6204,0.9276672979082008,0.9496582275092168,1.4054813773717496e-05,0.0062167474365688,0.030344342937456,9.83836964160225e-05,1452,100,14.52,10,26,13.52,9,25,False,20.685188809991818,20.613069924060255,0.0116848649922758,Wiki-vote,GA,optseed3,/Users/sota/projects/cap-sn/experiments/optimization_wiki_vote/optimize_runs_auc_20260618/ga_optseed3,0.0062167474365688,"(0.9, 0.95]","(0.9, 0.95]",0.925,0.925
57,TrialState.COMPLETE,0.0062191666716181,auc,optseed3,6202,0.9720534235651176,0.9529737557249788,2.2487702037948e-05,0.0062191666716181,0.030257203092059,0.0001016631529632,1469,100,14.69,10,26,13.69,9,25,False,21.324741199961863,21.260906809940938,0.0172532399883493,Wiki-vote,CMAES,optseed3,/Users/sota/projects/cap-sn/experiments/optimization_wiki_vote/optimize_runs_auc_20260618/cmaes_optseed3,0.0062131986428378,"(0.95, 1.0]","(0.95, 1.0]",0.975,0.975
74,TrialState.COMPLETE,0.006219690643445,auc,optseed3,6202,0.950719728074984,0.9524807443043256,1.9676739283204494e-05,0.006219690643445,0.0302600140548137,0.0001105645350199,1500,100,15.0,10,26,14.0,9,25,False,21.52206562703941,21.443774258950725,0.0190494710113853,Wiki-vote,CMAES,optseed3,/Users/sota/projects/cap-sn/experiments/optimization_wiki_vote/optimize_runs_auc_20260618/cmaes_optseed3,0.0062131986428378,"(0.95, 1.0]","(0.95, 1.0]",0.975,0.975
75,TrialState.COMPLETE,0.006222369977338,auc,optseed1,4202,0.8401283909844113,0.9509557745672266,1.5460295151089246e-05,0.006222369977338,0.0303260716795502,0.0001030686343405,1454,100,14.54,10,28,13.54,9,27,False,21.150433880044147,21.077626326936297,0.0191052709706127,Wiki-vote,CMAES,optseed1,/Users/sota/projects/cap-sn/experiments/optimization_wiki_vote/optimize_runs_auc_20260618/cmaes_optseed1,0.006222369977338,"(0.8, 0.85]","(0.95, 1.0]",0.825,0.975
68,TrialState.COMPLETE,0.0062233281967134,auc,optseed3,6201,0.932808216515856,0.9473964379746254,1.5460295151089246e-05,0.0062233281967134,0.0303190442726633,8.901382056687749e-05,1466,100,14.66,10,28,13.66,9,27,False,22.1151109180646,21.352029416011646,0.012335852952674,Wiki-vote,GPR,optseed3,/Users/sota/projects/cap-sn/experiments/optimization_wiki_vote/optimize_runs_auc_20260618/gpr_optseed3,0.0062233281967134,"(0.9, 0.95]","(0.9, 0.95]",0.925,0.925
63,TrialState.COMPLETE,0.0062241969782214,auc,optseed2,5201,0.5,0.9547191675295776,2.108222066057625e-05,0.0062241969782214,0.0303007730147575,8.479737643476225e-05,1482,100,14.82,10,26,13.82,9,25,False,22.2696232580347,21.642978856922127,0.0117722969735041,Wiki-vote,GPR,optseed2,/Users/sota/projects/cap-sn/experiments/optimization_wiki_vote/optimize_runs_auc_20260618/gpr_optseed2,0.0062241969782214,"(0.499, 0.55]","(0.95, 1.0]",0.5245,0.975
96,TrialState.COMPLETE,0.006225794119172,auc,optseed3,6202,0.9516603689530848,0.9444326916355148,1.827125790583275e-05,0.006225794119172,0.0303148278285312,0.0001040056219255,1533,100,15.33,10,28,14.33,9,27,False,22.54717347503174,22.483234592946246,0.0117288259789347,Wiki-vote,CMAES,optseed3,/Users/sota/projects/cap-sn/experiments/optimization_wiki_vote/optimize_runs_auc_20260618/cmaes_optseed3,0.0062131986428378,"(0.95, 1.0]","(0.9, 0.95]",0.975,0.925
60,TrialState.COMPLETE,0.0062258708495123,auc,optseed2,5202,0.77338860220622,0.9508534346930624,1.546029515108925e-05,0.0062258708495123,0.0303288826423049,9.229327711407824e-05,1458,100,14.58,10,23,13.58,9,22,False,21.18424628197681,21.11343266197946,0.0189249489922076,Wiki-vote,CMAES,optseed2,/Users/sota/projects/cap-sn/experiments/optimization_wiki_vote/optimize_runs_auc_20260618/cmaes_optseed2,0.0061942959880151,"(0.75, 0.8]","(0.95, 1.0]",0.775,0.975
63,TrialState.COMPLETE,0.0062269683760261,auc,optseed2,5202,0.7827568328126763,0.970615948924834,2.5298664792691495e-05,0.0062269683760261,0.0302304989458889,0.0001091590536425,1511,100,15.11,10,26,14.11,9,25,False,21.08301175897941,21.011295708012767,0.018937968998216,Wiki-vote,CMAES,optseed2,/Users/sota/projects/cap-sn/experiments/optimization_wiki_vote/optimize_runs_auc_20260618/cmaes_optseed2,0.0061942959880151,"(0.75, 0.8]","(0.95, 1.0]",0.775,0.975
68,TrialState.COMPLETE,0.0062281764788941,auc,optseed1,4201,0.9036306685719476,0.949590582953156,1.4054813773717496e-05,0.0062281764788941,0.030344342937456,9.978917779339424e-05,1448,100,14.48,10,24,13.48,9,23,False,21.296368011040613,20.867286399006844,0.011758625973016,Wiki-vote,GPR,optseed1,/Users/sota/projects/cap-sn/experiments/optimization_wiki_vote/optimize_runs_auc_20260618/gpr_optseed1,0.0062095643480356,"(0.9, 0.95]","(0.9, 0.95]",0.925,0.925
58,TrialState.COMPLETE,0.0062281813939793,auc,optseed1,4201,1.0,0.927232557274436,2.2487702037948e-05,0.0062281813939793,0.0303316936050597,9.1824783321621e-05,1519,100,15.19,10,27,14.19,9,26,False,22.17722333804704,21.77886459196452,0.0117825958877801,Wiki-vote,GPR,optseed1,/Users/sota/projects/cap-sn/experiments/optimization_wiki_vote/optimize_runs_auc_20260618/gpr_optseed1,0.0062281813939793,"(0.95, 1.0]","(0.9, 0.95]",0.975,0.925
45,TrialState.COMPLETE,0.0062292435402633,auc,optseed1,4203,0.5341972538749956,0.975863318944716,3.092059030217849e-05,0.0062292435402633,0.030185523541813,0.0001227453736237,1491,100,14.91,10,29,13.91,9,28,False,23.398071283008903,23.3314291810384,0.0192583230091258,Wiki-vote,RANDOM,optseed1,/Users/sota/projects/cap-sn/experiments/optimization_wiki_vote/optimize_runs_auc_20260618/random_optseed1,0.0062142707869423,"(0.499, 0.55]","(0.95, 1.0]",0.5245,0.975
72,TrialState.COMPLETE,0.006229474769237,auc,optseed2,5202,0.7900055536293653,0.9585641684143142,3.2326071679550243e-05,0.006229474769237,0.0303527758257203,0.0001119700163972,1509,100,15.09,9,25,14.09,8,24,False,22.96201397106051,22.890278219943863,0.0170234070392325,Wiki-vote,CMAES,optseed2,/Users/sota/projects/cap-sn/experiments/optimization_wiki_vote/optimize_runs_auc_20260618/cmaes_optseed2,0.0061942959880151,"(0.75, 0.8]","(0.95, 1.0]",0.775,0.975
64,TrialState.COMPLETE,0.0062300682070437,auc,optseed3,6201,0.863807893404503,0.9499088525478794,1.2649332396345747e-05,0.0062300682070437,0.0303457484188334,9.416725228390723e-05,1449,100,14.49,10,29,13.49,9,28,False,21.951309319934808,21.143415789003484,0.0117589159635826,Wiki-vote,GPR,optseed3,/Users/sota/projects/cap-sn/experiments/optimization_wiki_vote/optimize_runs_auc_20260618/gpr_optseed3,0.0062300682070437,"(0.85, 0.9]","(0.9, 0.95]",0.875,0.925
69,TrialState.COMPLETE,0.0062313707547517,auc,optseed1,4201,0.903842509389073,0.9496124278767686,1.4054813773717496e-05,0.0062313707547517,0.030344342937456,0.0001002576715858,1447,100,14.47,10,24,13.47,9,23,False,21.31337748898659,20.908253873931244,0.0120762899750843,Wiki-vote,GPR,optseed1,/Users/sota/projects/cap-sn/experiments/optimization_wiki_vote/optimize_runs_auc_20260618/gpr_optseed1,0.0062095643480356,"(0.9, 0.95]","(0.9, 0.95]",0.925,0.925
58,TrialState.COMPLETE,0.0062334609186646,auc,optseed2,5202,0.8112349701354162,0.9344221608276242,2.2487702037948e-05,0.0062334609186646,0.0303921293042867,8.854532677442024e-05,1526,100,15.26,10,27,14.26,9,26,False,23.308641236973926,23.238295761984773,0.0186750459251925,Wiki-vote,CMAES,optseed2,/Users/sota/projects/cap-sn/experiments/optimization_wiki_vote/optimize_runs_auc_20260618/cmaes_optseed2,0.0061942959880151,"(0.8, 0.85]","(0.9, 0.95]",0.825,0.925
59,TrialState.COMPLETE,0.0062336274949115,auc,optseed3,6204,0.7409204306242787,0.9504698599740268,2.108222066057625e-05,0.0062336274949115,0.030344342937456,0.0001105645350199,1459,100,14.59,10,28,13.59,9,27,False,20.72158973105252,20.648108539986424,0.0189448500750586,Wiki-vote,GA,optseed3,/Users/sota/projects/cap-sn/experiments/optimization_wiki_vote/optimize_runs_auc_20260618/ga_optseed3,0.0062167474365688,"(0.7, 0.75]","(0.95, 1.0]",0.725,0.975
50,TrialState.COMPLETE,0.0062341925649203,auc,optseed2,5202,0.7636487992693621,0.9491730280281948,1.4054813773717496e-05,0.0062341925649203,0.0303583977512297,0.0001007261653783,1455,100,14.55,10,25,13.55,9,24,False,21.147761709988117,21.078476246912032,0.0171089880168437,Wiki-vote,CMAES,optseed2,/Users/sota/projects/cap-sn/experiments/optimization_wiki_vote/optimize_runs_auc_20260618/cmaes_optseed2,0.0061942959880151,"(0.75, 0.8]","(0.9, 0.95]",0.775,0.925
20,TrialState.COMPLETE,0.0062351154208034,auc,optseed2,5202,0.775404642381844,0.9961926988778742,1.40548137737175e-05,0.0062351154208034,0.0302206605762473,0.0001068165846802,1492,100,14.92,10,25,13.92,9,24,False,21.822299464954995,21.758894289960153,0.0116807960439473,Wiki-vote,CMAES,optseed2,/Users/sota/projects/cap-sn/experiments/optimization_wiki_vote/optimize_runs_auc_20260618/cmaes_optseed2,0.0061942959880151,"(0.75, 0.8]","(0.95, 1.0]",0.775,0.975
97,TrialState.COMPLETE,0.0062357091676714,auc,optseed1,4202,0.816076258576498,0.9531260473080192,1.9676739283204494e-05,0.0062357091676714,0.0302656359803232,0.0001040056219255,1473,100,14.73,9,25,13.73,8,24,False,21.286403084988702,21.21826009603683,0.0116404250729829,Wiki-vote,CMAES,optseed1,/Users/sota/projects/cap-sn/experiments/optimization_wiki_vote/optimize_runs_auc_20260618/cmaes_optseed1,0.0062030457933705,"(0.8, 0.85]","(0.95, 1.0]",0.825,0.975
72,TrialState.COMPLETE,0.0062358706271744,auc,optseed1,4202,0.8428288603097951,0.9557888396212586,1.9676739283204494e-05,0.0062358706271744,0.0303092059030217,8.104942609510426e-05,1492,100,14.92,10,25,13.92,9,24,False,21.156308529083617,21.088440401945263,0.0173836910398677,Wiki-vote,CMAES,optseed1,/Users/sota/projects/cap-sn/experiments/optimization_wiki_vote/optimize_runs_auc_20260618/cmaes_optseed1,0.0062358706271744,"(0.8, 0.85]","(0.95, 1.0]",0.825,0.975
79,TrialState.COMPLETE,0.0062366381943296,auc,optseed3,6202,0.966647275495629,0.9446945564420808,1.546029515108925e-05,0.0062366381943296,0.0303148278285312,0.0001011946591707,1518,100,15.18,10,28,14.18,9,27,False,23.286833695019595,23.204417560016736,0.0216385000385344,Wiki-vote,CMAES,optseed3,/Users/sota/projects/cap-sn/experiments/optimization_wiki_vote/optimize_runs_auc_20260618/cmaes_optseed3,0.0062131986428378,"(0.95, 1.0]","(0.9, 0.95]",0.975,0.925
75,TrialState.COMPLETE,0.0062371909444585,auc,optseed2,5202,0.7987756439974316,0.970574131942504,2.8109627547435e-05,0.0062371909444585,0.0302304989458889,0.0001096275474349,1507,100,15.07,10,26,14.07,9,25,False,20.743028289987706,20.67286176700145,0.019335184013471,Wiki-vote,CMAES,optseed2,/Users/sota/projects/cap-sn/experiments/optimization_wiki_vote/optimize_runs_auc_20260618/cmaes_optseed2,0.0061942959880151,"(0.75, 0.8]","(0.95, 1.0]",0.775,0.975
51,TrialState.COMPLETE,0.0062381285579966,auc,optseed3,6202,0.9366144126554216,0.9461646038856316,2.3893183415319743e-05,0.0062381285579966,0.0302923401264933,9.650972124619349e-05,1484,100,14.84,10,28,13.84,9,27,False,21.45463307504542,21.384182387962937,0.0191565620480105,Wiki-vote,CMAES,optseed3,/Users/sota/projects/cap-sn/experiments/optimization_wiki_vote/optimize_runs_auc_20260618/cmaes_optseed3,0.0062131986428378,"(0.9, 0.95]","(0.9, 0.95]",0.925,0.925
51,TrialState.COMPLETE,0.0062389375855631,auc,optseed1,4203,0.631104415406682,0.9756368819026088,2.6704146170063247e-05,0.0062389375855631,0.030185523541813,0.0001166549543218,1491,100,14.91,10,24,13.91,9,23,False,22.8848808669718,22.83088290202431,0.0119108179351314,Wiki-vote,RANDOM,optseed1,/Users/sota/projects/cap-sn/experiments/optimization_wiki_vote/optimize_runs_auc_20260618/random_optseed1,0.0062142707869423,"(0.6, 0.65]","(0.95, 1.0]",0.625,0.975
12,TrialState.COMPLETE,0.0062411148612612,auc,optseed3,6204,0.5074375904786611,0.9549407538508584,1.827125790583275e-05,0.0062411148612612,0.0303007730147575,9.83836964160225e-05,1484,100,14.84,10,26,13.84,9,25,False,22.002802656963468,21.94040657300502,0.0116918549174442,Wiki-vote,GA,optseed3,/Users/sota/projects/cap-sn/experiments/optimization_wiki_vote/optimize_runs_auc_20260618/ga_optseed3,0.0062167474365688,"(0.499, 0.55]","(0.95, 1.0]",0.5245,0.975
76,TrialState.COMPLETE,0.0062430926312593,auc,optseed3,6202,0.9310274291991782,0.9452064889158668,1.6865776528460998e-05,0.0062430926312593,0.0303232607167955,9.510423986882172e-05,1505,100,15.05,10,28,14.05,9,27,False,22.53219951095525,22.458395485999063,0.0191282109590247,Wiki-vote,CMAES,optseed3,/Users/sota/projects/cap-sn/experiments/optimization_wiki_vote/optimize_runs_auc_20260618/cmaes_optseed3,0.0062131986428378,"(0.9, 0.95]","(0.9, 0.95]",0.925,0.925
3,TrialState.COMPLETE,0.0062436125033802,auc,optseed2,5203,0.7332897435613703,0.9537040362335032,1.4054813773717496e-05,0.0062436125033802,0.0302670414617006,0.0001044741157179,1476,100,14.76,9,27,13.76,8,26,False,22.113977315020747,22.058930637082085,0.0118393570883199,Wiki-vote,RANDOM,optseed2,/Users/sota/projects/cap-sn/experiments/optimization_wiki_vote/optimize_runs_auc_20260618/random_optseed2,0.0062436125033802,"(0.7, 0.75]","(0.95, 1.0]",0.725,0.975
52,TrialState.COMPLETE,0.0062439467484667,auc,optseed3,6201,0.7521404532780138,0.948213943008974,1.6865776528460998e-05,0.0062439467484667,0.0303246661981728,0.000103537128133,1464,100,14.64,10,26,13.64,9,25,False,22.15843870001845,21.374367914977483,0.0119461980648338,Wiki-vote,GPR,optseed3,/Users/sota/projects/cap-sn/experiments/optimization_wiki_vote/optimize_runs_auc_20260618/gpr_optseed3,0.0062439467484667,"(0.75, 0.8]","(0.9, 0.95]",0.775,0.925
76,TrialState.COMPLETE,0.0158747002150295,auc,optseed3,6201,0.8665894392594478,0.9800033301469776,5.199306759098786e-05,0.0158747002150295,0.0683510769992572,0.0003152595526945,1681,100,16.81,10,33,15.81,9,32,False,37.797829623916186,36.75740727793891,0.0123670030152425,Facebook,GPR,optseed3,/Users/sota/projects/cap-sn/experiments/optimization_facebook/optimize_runs_auc_20260618/gpr_optseed3,0.0158747002150295,"(0.85, 0.9]","(0.95, 1.0]",0.875,0.975
97,TrialState.COMPLETE,0.0158832618535734,auc,optseed1,4201,0.8389744476379342,0.9810324059741476,5.69447883139391e-05,0.0158832618535734,0.0683510769992572,0.0003226871337789,1688,100,16.88,10,34,15.88,9,33,False,37.519889052957296,36.96915595198516,0.0119902490405365,Facebook,GPR,optseed1,/Users/sota/projects/cap-sn/experiments/optimization_facebook/optimize_runs_auc_20260618/gpr_optseed1,0.0158832618535734,"(0.8, 0.85]","(0.95, 1.0]",0.825,0.975
65,TrialState.COMPLETE,0.0158835493113189,auc,optseed2,5201,0.913448123651761,0.979802502819179,5.69447883139391e-05,0.0158835493113189,0.0683510769992572,0.0003251629941404,1682,100,16.82,10,33,15.82,9,32,False,35.721817458979785,35.22885336703621,0.0117824360495433,Facebook,GPR,optseed2,/Users/sota/projects/cap-sn/experiments/optimization_facebook/optimize_runs_auc_20260618/gpr_optseed2,0.0158835493113189,"(0.9, 0.95]","(0.95, 1.0]",0.925,0.975
94,TrialState.COMPLETE,0.0158948275087146,auc,optseed2,5201,0.87400968905528,0.9800590093999588,5.446892795246348e-05,0.0158948275087146,0.0683510769992572,0.0003218618469918,1680,100,16.8,10,33,15.8,9,32,False,37.81411133299116,37.15743429400027,0.0160622160183265,Facebook,GPR,optseed2,/Users/sota/projects/cap-sn/experiments/optimization_facebook/optimize_runs_auc_20260618/gpr_optseed2,0.0158835493113189,"(0.85, 0.9]","(0.95, 1.0]",0.875,0.975
69,TrialState.COMPLETE,0.0159002183091391,auc,optseed2,5201,0.8908454342739407,0.9806892327180134,5.69447883139391e-05,0.0159002183091391,0.0683510769992572,0.0003160848394817,1686,100,16.86,10,33,15.86,9,32,False,37.21422330196947,36.47532296006102,0.0124117541126906,Facebook,GPR,optseed2,/Users/sota/projects/cap-sn/experiments/optimization_facebook/optimize_runs_auc_20260618/gpr_optseed2,0.0158835493113189,"(0.85, 0.9]","(0.95, 1.0]",0.875,0.975
74,TrialState.COMPLETE,0.0159010753343969,auc,optseed3,6201,0.8803745272304031,0.9800882016225584,5.446892795246348e-05,0.0159010753343969,0.0683510769992572,0.0003094825451844,1679,100,16.79,10,33,15.79,9,32,False,37.508426300948486,36.75336361199152,0.0118540469557046,Facebook,GPR,optseed3,/Users/sota/projects/cap-sn/experiments/optimization_facebook/optimize_runs_auc_20260618/gpr_optseed3,0.0159010753343969,"(0.85, 0.9]","(0.95, 1.0]",0.875,0.975
86,TrialState.COMPLETE,0.015908153691074,auc,optseed1,4202,0.8746874477976772,0.97982193318202,5.446892795246348e-05,0.015908153691074,0.0683510769992572,0.0003350664355863,1678,100,16.78,10,33,15.78,9,32,False,37.144106088904664,37.07694234105293,0.017772105988115,Facebook,CMAES,optseed1,/Users/sota/projects/cap-sn/experiments/optimization_facebook/optimize_runs_auc_20260618/cmaes_optseed1,0.015908153691074,"(0.85, 0.9]","(0.95, 1.0]",0.875,0.975
71,TrialState.COMPLETE,0.0159241662848581,auc,optseed3,6201,0.8677771390643194,0.9810781243831184,6.189650903689032e-05,0.0159241662848581,0.0683510769992572,0.0003268135677147,1683,100,16.83,10,33,15.83,9,32,False,37.346461734035984,36.70780420396477,0.0124733749544247,Facebook,GPR,optseed3,/Users/sota/projects/cap-sn/experiments/optimization_facebook/optimize_runs_auc_20260618/gpr_optseed3,0.0159241662848581,"(0.85, 0.9]","(0.95, 1.0]",0.875,0.975
51,TrialState.COMPLETE,0.0159261380625246,auc,optseed1,4203,0.631104415406682,0.9756368819026088,5.446892795246349e-05,0.0159261380625246,0.0683263183956424,0.0003410497647932,1679,100,16.79,10,32,15.79,9,31,False,34.74538813496474,34.69381441792939,0.0119342679390683,Facebook,RANDOM,optseed1,/Users/sota/projects/cap-sn/experiments/optimization_facebook/optimize_runs_auc_20260618/random_optseed1,0.0159261380625246,"(0.6, 0.65]","(0.95, 1.0]",0.625,0.975
79,TrialState.COMPLETE,0.015932046846636,auc,optseed3,6201,0.8600655821993447,0.9798631039712812,5.199306759098786e-05,0.015932046846636,0.0683510769992572,0.0003210365602046,1675,100,16.75,10,33,15.75,9,32,False,37.02668207895477,36.29648122796789,0.0119452980579808,Facebook,GPR,optseed3,/Users/sota/projects/cap-sn/experiments/optimization_facebook/optimize_runs_auc_20260618/gpr_optseed3,0.0158747002150295,"(0.85, 0.9]","(0.95, 1.0]",0.875,0.975
93,TrialState.COMPLETE,0.0159336128504489,auc,optseed1,4201,0.8644972956529281,0.9811032709472804,6.437236939836593e-05,0.0159336128504489,0.0683510769992572,0.000328464141289,1680,100,16.8,10,33,15.8,9,32,False,37.58077129803132,36.880113349994645,0.0122030510101467,Facebook,GPR,optseed1,/Users/sota/projects/cap-sn/experiments/optimization_facebook/optimize_runs_auc_20260618/gpr_optseed1,0.0159336128504489,"(0.85, 0.9]","(0.95, 1.0]",0.875,0.975
95,TrialState.COMPLETE,0.0159379660357309,auc,optseed1,4201,0.8772749032529048,0.981155138901398,5.199306759098786e-05,0.0159379660357309,0.0683510769992572,0.0003086572583972,1682,100,16.82,10,33,15.82,9,32,False,37.69116877799388,36.960220508044586,0.0120293400250375,Facebook,GPR,optseed1,/Users/sota/projects/cap-sn/experiments/optimization_facebook/optimize_runs_auc_20260618/gpr_optseed1,0.0159336128504489,"(0.85, 0.9]","(0.95, 1.0]",0.875,0.975
80,TrialState.COMPLETE,0.0159391535572893,auc,optseed3,6201,0.8588607303430915,0.9802321272505644,5.199306759098786e-05,0.0159391535572893,0.0683510769992572,0.0003185606998431,1674,100,16.74,10,33,15.74,9,32,False,37.12213219399564,36.37046778493095,0.0118991780327633,Facebook,GPR,optseed3,/Users/sota/projects/cap-sn/experiments/optimization_facebook/optimize_runs_auc_20260618/gpr_optseed3,0.0158747002150295,"(0.85, 0.9]","(0.95, 1.0]",0.875,0.975
56,TrialState.COMPLETE,0.0159437296111147,auc,optseed3,6204,0.5876116589372055,0.9756942779752106,4.7041346868036646e-05,0.0159437296111147,0.0683263183956424,0.0003173227696624,1677,100,16.77,10,32,15.77,9,31,False,35.15681667299941,35.084489754983224,0.0124490939779207,Facebook,GA,optseed3,/Users/sota/projects/cap-sn/experiments/optimization_facebook/optimize_runs_auc_20260618/ga_optseed3,0.0159437296111147,"(0.55, 0.6]","(0.95, 1.0]",0.575,0.975
90,TrialState.COMPLETE,0.0159445163168619,auc,optseed1,4201,1.0,0.9811344197816044,4.7041346868036646e-05,0.0159445163168619,0.0683510769992572,0.0003433193034579,1683,100,16.83,10,35,15.83,9,34,False,37.30789018596988,36.739550331025384,0.0119277090998366,Facebook,GPR,optseed1,/Users/sota/projects/cap-sn/experiments/optimization_facebook/optimize_runs_auc_20260618/gpr_optseed1,0.0159445163168619,"(0.95, 1.0]","(0.95, 1.0]",0.975,0.975
62,TrialState.COMPLETE,0.0159480002769475,auc,optseed1,4201,0.5644152288018289,0.9808483630587496,4.7041346868036646e-05,0.0159480002769475,0.0683486011388957,0.0003086572583972,1675,100,16.75,10,32,15.75,9,31,False,36.89298223890364,36.1091178660281,0.012341063003987,Facebook,GPR,optseed1,/Users/sota/projects/cap-sn/experiments/optimization_facebook/optimize_runs_auc_20260618/gpr_optseed1,0.0159480002769475,"(0.55, 0.6]","(0.95, 1.0]",0.575,0.975
55,TrialState.COMPLETE,0.0159562770103009,auc,optseed2,5201,0.7800727972247581,0.9132455562577564,6.437236939836594e-05,0.0159562770103009,0.0686333250804654,0.0003249566724436,1684,100,16.84,10,31,15.84,9,30,False,34.78822237101849,34.05921745405067,0.0119908790802583,Facebook,GPR,optseed2,/Users/sota/projects/cap-sn/experiments/optimization_facebook/optimize_runs_auc_20260618/gpr_optseed2,0.0159562770103009,"(0.75, 0.8]","(0.9, 0.95]",0.775,0.925
91,TrialState.COMPLETE,0.0159579578463878,auc,optseed1,4201,0.9855884812009634,0.9808683780967532,4.7041346868036646e-05,0.0159579578463878,0.0683510769992572,0.0003367170091606,1669,100,16.69,10,35,15.69,9,34,False,37.92756405705586,37.32806176994927,0.012100810999982,Facebook,GPR,optseed1,/Users/sota/projects/cap-sn/experiments/optimization_facebook/optimize_runs_auc_20260618/gpr_optseed1,0.0159445163168619,"(0.95, 1.0]","(0.95, 1.0]",0.975,0.975
94,TrialState.COMPLETE,0.015959546434669,auc,optseed1,4201,0.8290325116350916,0.981826832744503,4.9517207229512264e-05,0.015959546434669,0.0683510769992572,0.0003094825451844,1676,100,16.76,10,33,15.76,9,32,False,37.941825181944296,37.230737422942184,0.0125429459149017,Facebook,GPR,optseed1,/Users/sota/projects/cap-sn/experiments/optimization_facebook/optimize_runs_auc_20260618/gpr_optseed1,0.0159336128504489,"(0.8, 0.85]","(0.95, 1.0]",0.825,0.975
76,TrialState.COMPLETE,0.0159621261133941,auc,optseed2,5202,0.7244932174032341,0.9140065017371292,4.951720722951226e-05,0.0159621261133941,0.0686308492201039,0.000312783692333,1675,100,16.75,10,29,15.75,9,28,False,37.24239488795865,37.17825155495666,0.011786465998739,Facebook,CMAES,optseed2,/Users/sota/projects/cap-sn/experiments/optimization_facebook/optimize_runs_auc_20260618/cmaes_optseed2,0.0159621261133941,"(0.7, 0.75]","(0.9, 0.95]",0.725,0.925
97,TrialState.COMPLETE,0.0159667840063949,auc,optseed1,4202,0.9003314356421394,0.9819680545278322,4.456548650656103e-05,0.0159667840063949,0.0683362218370883,0.0003111331187587,1682,100,16.82,10,35,15.82,9,34,False,37.238926467020065,37.17110525199678,0.0119956089183688,Facebook,CMAES,optseed1,/Users/sota/projects/cap-sn/experiments/optimization_facebook/optimize_runs_auc_20260618/cmaes_optseed1,0.015908153691074,"(0.9, 0.95]","(0.95, 1.0]",0.925,0.975
85,TrialState.COMPLETE,0.015973042152541,auc,optseed1,4201,1.0,0.9802945220336452,4.7041346868036646e-05,0.015973042152541,0.0683510769992572,0.0002690434926136,1669,100,16.69,10,35,15.69,9,34,False,37.53404961805791,36.877148954896256,0.0120876509463414,Facebook,GPR,optseed1,/Users/sota/projects/cap-sn/experiments/optimization_facebook/optimize_runs_auc_20260618/gpr_optseed1,0.0159480002769475,"(0.95, 1.0]","(0.95, 1.0]",0.975,0.975
88,TrialState.COMPLETE,0.0159749189840768,auc,optseed1,4201,0.947168411575043,0.9811197432308398,5.446892795246348e-05,0.0159749189840768,0.0683510769992572,0.0003226871337789,1673,100,16.73,10,35,15.73,9,34,False,37.71676039509475,37.00441408006009,0.0122002610005438,Facebook,GPR,optseed1,/Users/sota/projects/cap-sn/experiments/optimization_facebook/optimize_runs_auc_20260618/gpr_optseed1,0.0159480002769475,"(0.9, 0.95]","(0.95, 1.0]",0.925,0.975
68,TrialState.COMPLETE,0.0159772136716613,auc,optseed2,5201,1.0,0.9808256309808224,4.456548650656103e-05,0.0159772136716613,0.0683510769992572,0.000286374515144,1673,100,16.73,10,35,15.73,9,34,False,37.756637915968895,36.991009184974246,0.0125243549700826,Facebook,GPR,optseed2,/Users/sota/projects/cap-sn/experiments/optimization_facebook/optimize_runs_auc_20260618/gpr_optseed2,0.0158835493113189,"(0.95, 1.0]","(0.95, 1.0]",0.975,0.975
89,TrialState.COMPLETE,0.0159795388995709,auc,optseed1,4201,0.9302679996404852,0.9803183648223456,4.951720722951226e-05,0.0159795388995709,0.0683510769992572,0.0003111331187587,1673,100,16.73,10,33,15.73,9,32,False,38.06461894500535,37.32477199204732,0.0120387900387868,Facebook,GPR,optseed1,/Users/sota/projects/cap-sn/experiments/optimization_facebook/optimize_runs_auc_20260618/gpr_optseed1,0.0159480002769475,"(0.9, 0.95]","(0.95, 1.0]",0.925,0.975
71,TrialState.COMPLETE,0.0159831761133729,auc,optseed2,5201,0.9045744726169224,0.980912341085834,5.446892795246348e-05,0.0159831761133729,0.0683510769992572,0.000317735413056,1676,100,16.76,10,33,15.76,9,32,False,37.26979087502696,36.390720869996585,0.0118469470180571,Facebook,GPR,optseed2,/Users/sota/projects/cap-sn/experiments/optimization_facebook/optimize_runs_auc_20260618/gpr_optseed2,0.0158835493113189,"(0.9, 0.95]","(0.95, 1.0]",0.925,0.975
67,TrialState.COMPLETE,0.0159923765617561,auc,optseed2,5201,0.9283674200988246,0.9806411110393252,5.69447883139391e-05,0.0159923765617561,0.0683510769992572,0.0003391928695221,1669,100,16.69,10,32,15.69,9,31,False,37.75286651297938,37.002237266045995,0.012127749971114,Facebook,GPR,optseed2,/Users/sota/projects/cap-sn/experiments/optimization_facebook/optimize_runs_auc_20260618/gpr_optseed2,0.0158835493113189,"(0.9, 0.95]","(0.95, 1.0]",0.925,0.975
55,TrialState.COMPLETE,0.0159936134388908,auc,optseed3,6201,0.8933271951422774,0.9126149338051874,5.942064867541471e-05,0.0159936134388908,0.0686432285219113,0.0003350664355863,1683,100,16.83,10,32,15.83,9,31,False,34.58423112798482,33.83967700100038,0.0119798689847812,Facebook,GPR,optseed3,/Users/sota/projects/cap-sn/experiments/optimization_facebook/optimize_runs_auc_20260618/gpr_optseed3,0.0159936134388908,"(0.85, 0.9]","(0.9, 0.95]",0.875,0.925
9,TrialState.COMPLETE,0.0159965948296757,auc,optseed1,4202,0.818307907436604,0.9823777464726542,4.9517207229512264e-05,0.0159965948296757,0.0683362218370883,0.0003214492035982,1669,100,16.69,10,33,15.69,9,32,False,37.14756742899772,37.08540099905804,0.0119965990306809,Facebook,CMAES,optseed1,/Users/sota/projects/cap-sn/experiments/optimization_facebook/optimize_runs_auc_20260618/cmaes_optseed1,0.0159965948296757,"(0.8, 0.85]","(0.95, 1.0]",0.825,0.975
72,TrialState.COMPLETE,0.0160028062294349,auc,optseed2,5202,0.7178998436139286,0.9131870183138906,5.199306759098787e-05,0.0160028062294349,0.068677890566972,0.0003152595526945,1676,100,16.76,10,29,15.76,9,28,False,33.86986316007096,33.808708672062494,0.0118972579948604,Facebook,CMAES,optseed2,/Users/sota/projects/cap-sn/experiments/optimization_facebook/optimize_runs_auc_20260618/cmaes_optseed2,0.0160028062294349,"(0.7, 0.75]","(0.9, 0.95]",0.725,0.925
45,TrialState.COMPLETE,0.0160098861466234,auc,optseed1,4203,0.5341972538749956,0.975863318944716,4.456548650656103e-05,0.0160098861466234,0.0683263183956424,0.0003272262111083,1661,100,16.61,10,32,15.61,9,31,False,34.93900495802518,34.88254865491763,0.0183173620607703,Facebook,RANDOM,optseed1,/Users/sota/projects/cap-sn/experiments/optimization_facebook/optimize_runs_auc_20260618/random_optseed1,0.0160098861466234,"(0.499, 0.55]","(0.95, 1.0]",0.5245,0.975
64,TrialState.COMPLETE,0.0160136904993107,auc,optseed1,4201,0.5582646425867881,0.9805275320374314,4.951720722951226e-05,0.0160136904993107,0.0683436494181728,0.0003226871337789,1670,100,16.7,10,32,15.7,9,31,False,36.29934968100861,35.457173123024404,0.0119050680659711,Facebook,GPR,optseed1,/Users/sota/projects/cap-sn/experiments/optimization_facebook/optimize_runs_auc_20260618/gpr_optseed1,0.0159480002769475,"(0.55, 0.6]","(0.95, 1.0]",0.575,0.975
84,TrialState.COMPLETE,0.0160142288809263,auc,optseed1,4201,0.5767621192271786,0.981515798173046,4.7041346868036646e-05,0.0160142288809263,0.0683486011388957,0.0003037055376743,1669,100,16.69,10,32,15.69,9,31,False,38.08853511197958,37.070220212917775,0.0150478439172729,Facebook,GPR,optseed1,/Users/sota/projects/cap-sn/experiments/optimization_facebook/optimize_runs_auc_20260618/gpr_optseed1,0.0159480002769475,"(0.55, 0.6]","(0.95, 1.0]",0.575,0.975
91,TrialState.COMPLETE,0.0160210713906548,auc,optseed3,6202,0.7249213778196084,0.9125679562183772,5.446892795246348e-05,0.0160210713906548,0.0686580836840802,0.0003072130065197,1689,100,16.89,10,35,15.89,9,34,False,34.11343665304594,34.03728976007551,0.0189918800024315,Facebook,CMAES,optseed3,/Users/sota/projects/cap-sn/experiments/optimization_facebook/optimize_runs_auc_20260618/cmaes_optseed3,0.0160210713906548,"(0.7, 0.75]","(0.9, 0.95]",0.725,0.925
76,TrialState.COMPLETE,0.0160212771992519,auc,optseed1,4202,0.786367059323764,0.9132583533832868,5.942064867541471e-05,0.0160212771992519,0.0686333250804654,0.0003150532309977,1666,100,16.66,10,31,15.66,9,30,False,33.98391286202241,33.91303271101788,0.0188015970634296,Facebook,CMAES,optseed1,/Users/sota/projects/cap-sn/experiments/optimization_facebook/optimize_runs_auc_20260618/cmaes_optseed1,0.0159965948296757,"(0.75, 0.8]","(0.9, 0.95]",0.775,0.925
70,TrialState.COMPLETE,0.0160240327252331,auc,optseed2,5201,1.0,0.9822133702475196,4.7041346868036646e-05,0.0160240327252331,0.0683362218370883,0.0003391928695221,1665,100,16.65,10,35,15.65,9,34,False,37.76304650108795,37.22164783801418,0.0118936880026012,Facebook,GPR,optseed2,/Users/sota/projects/cap-sn/experiments/optimization_facebook/optimize_runs_auc_20260618/gpr_optseed2,0.0158835493113189,"(0.95, 1.0]","(0.95, 1.0]",0.975,0.975
73,TrialState.COMPLETE,0.0160241127079742,auc,optseed2,5201,1.0,0.9803738317997794,4.7041346868036646e-05,0.0160241127079742,0.0683510769992572,0.0002756457869109,1666,100,16.66,10,35,15.66,9,34,False,37.187311648973264,36.44579548796173,0.0119861389975994,Facebook,GPR,optseed2,/Users/sota/projects/cap-sn/experiments/optimization_facebook/optimize_runs_auc_20260618/gpr_optseed2,0.0158835493113189,"(0.95, 1.0]","(0.95, 1.0]",0.975,0.975
53,TrialState.COMPLETE,0.0160255853881343,auc,optseed2,5201,0.7436423455062905,0.91244002448144,5.199306759098788e-05,0.0160255853881343,0.0686580836840802,0.0003565238920524,1687,100,16.87,10,35,15.87,9,34,False,34.94899599405471,34.09643232601229,0.0120475200237706,Facebook,GPR,optseed2,/Users/sota/projects/cap-sn/experiments/optimization_facebook/optimize_runs_auc_20260618/gpr_optseed2,0.0160255853881343,"(0.7, 0.75]","(0.9, 0.95]",0.725,0.925
75,TrialState.COMPLETE,0.0160356755518002,auc,optseed1,4202,0.8001982990695677,0.9120460809280196,5.446892795246349e-05,0.0160356755518002,0.0686234216390195,0.0003466204506065,1690,100,16.9,10,35,15.9,9,34,False,34.249648250988685,34.182690965011716,0.0184715540381148,Facebook,CMAES,optseed1,/Users/sota/projects/cap-sn/experiments/optimization_facebook/optimize_runs_auc_20260618/cmaes_optseed1,0.0159965948296757,"(0.8, 0.85]","(0.9, 0.95]",0.825,0.925
84,TrialState.COMPLETE,0.0160432788759538,auc,optseed3,6202,0.7504797867399887,0.9805269024914148,6.437236939836594e-05,0.0160432788759538,0.0683510769992572,0.0003251629941404,1660,100,16.6,10,32,15.6,9,31,False,36.56182604294736,36.486815222888254,0.0194823259953409,Facebook,CMAES,optseed3,/Users/sota/projects/cap-sn/experiments/optimization_facebook/optimize_runs_auc_20260618/cmaes_optseed3,0.0160432788759538,"(0.75, 0.8]","(0.95, 1.0]",0.775,0.975
32,TrialState.COMPLETE,0.016044737136681,auc,optseed3,6201,0.824154022292824,0.91223990420865,5.942064867541471e-05,0.016044737136681,0.0686580836840802,0.0003585871090203,1690,100,16.9,10,35,15.9,9,34,False,35.365138856112026,34.826166111044586,0.0118794080335646,Facebook,GPR,optseed3,/Users/sota/projects/cap-sn/experiments/optimization_facebook/optimize_runs_auc_20260618/gpr_optseed3,0.016044737136681,"(0.8, 0.85]","(0.9, 0.95]",0.825,0.925
83,TrialState.COMPLETE,0.0160497747830245,auc,optseed3,6201,0.9731969527745012,0.9803896711957524,5.199306759098786e-05,0.0160497747830245,0.0683510769992572,0.0003160848394817,1659,100,16.59,10,35,15.59,9,34,False,37.07205449405592,36.45317149301991,0.0123883640626445,Facebook,GPR,optseed3,/Users/sota/projects/cap-sn/experiments/optimization_facebook/optimize_runs_auc_20260618/gpr_optseed3,0.0158747002150295,"(0.95, 1.0]","(0.95, 1.0]",0.975,0.975
88,TrialState.COMPLETE,0.0160528072906791,auc,optseed1,4204,0.9431253830044102,0.9814868532480304,4.456548650656103e-05,0.0160528072906791,0.0683510769992572,0.000333415862012,1665,100,16.65,10,35,15.65,9,34,False,37.232124938978814,37.168112837010995,0.0119622889906167,Facebook,GA,optseed1,/Users/sota/projects/cap-sn/experiments/optimization_facebook/optimize_runs_auc_20260618/ga_optseed1,0.0160528072906791,"(0.9, 0.95]","(0.95, 1.0]",0.925,0.975
12,TrialState.COMPLETE,0.0160528072906791,auc,optseed1,4204,0.9431253830044102,0.9814868532480304,4.456548650656103e-05,0.0160528072906791,0.0683510769992572,0.000333415862012,1665,100,16.65,10,35,15.65,9,34,False,36.31959447497502,36.259256966994144,0.0117036149604246,Facebook,GA,optseed1,/Users/sota/projects/cap-sn/experiments/optimization_facebook/optimize_runs_auc_20260618/ga_optseed1,0.0160528072906791,"(0.9, 0.95]","(0.95, 1.0]",0.925,0.975
98,TrialState.COMPLETE,0.0160568602329976,auc,optseed1,4201,0.8125963053781526,0.9806173418425216,5.69447883139391e-05,0.0160568602329976,0.0683510769992572,0.0003235124205661,1656,100,16.56,10,32,15.56,9,31,False,37.42884162906557,36.79662599298172,0.0119736290071159,Facebook,GPR,optseed1,/Users/sota/projects/cap-sn/experiments/optimization_facebook/optimize_runs_auc_20260618/gpr_optseed1,0.0158832618535734,"(0.8, 0.85]","(0.95, 1.0]",0.825,0.975
54,TrialState.COMPLETE,0.0160574776592308,auc,optseed2,5201,0.8143945896741591,0.912498126176294,6.437236939836594e-05,0.0160574776592308,0.068677890566972,0.0003649830816208,1681,100,16.81,10,33,15.81,9,32,False,34.866546759032644,34.009013543021865,0.011867296998389,Facebook,GPR,optseed2,/Users/sota/projects/cap-sn/experiments/optimization_facebook/optimize_runs_auc_20260618/gpr_optseed2,0.0160255853881343,"(0.8, 0.85]","(0.9, 0.95]",0.825,0.925
52,TrialState.COMPLETE,0.0160611362415852,auc,optseed3,6202,0.7882658213817262,0.912472623585298,6.189650903689034e-05,0.0160611362415852,0.0686580836840802,0.000337335974251,1680,100,16.8,10,31,15.8,9,30,False,34.11959787493106,34.044321581022814,0.0191805730573833,Facebook,CMAES,optseed3,/Users/sota/projects/cap-sn/experiments/optimization_facebook/optimize_runs_auc_20260618/cmaes_optseed3,0.0160611362415852,"(0.75, 0.8]","(0.9, 0.95]",0.775,0.925
80,TrialState.COMPLETE,0.0160616541239071,auc,optseed1,4204,0.7475333932446883,0.9814868532480304,5.69447883139391e-05,0.0160616541239071,0.0683510769992572,0.0003272262111083,1662,100,16.62,10,33,15.62,9,32,False,36.65307694999501,36.58791834395379,0.0121212309459224,Facebook,GA,optseed1,/Users/sota/projects/cap-sn/experiments/optimization_facebook/optimize_runs_auc_20260618/ga_optseed1,0.0160528072906791,"(0.7, 0.75]","(0.95, 1.0]",0.725,0.975
70,TrialState.COMPLETE,0.0160617481750122,auc,optseed3,6201,0.7421531043802772,0.9796146005829957,5.446892795246348e-05,0.0160617481750122,0.0683461252785342,0.0003474457373937,1669,100,16.69,10,32,15.69,9,31,False,36.770513340015896,36.020679051056504,0.0117755569517612,Facebook,GPR,optseed3,/Users/sota/projects/cap-sn/experiments/optimization_facebook/optimize_runs_auc_20260618/gpr_optseed3,0.0159936134388908,"(0.7, 0.75]","(0.95, 1.0]",0.725,0.975
33,TrialState.COMPLETE,0.0160662764039747,auc,optseed2,5201,0.6159281188992092,0.9145878697394032,5.199306759098787e-05,0.0160662764039747,0.0686283733597425,0.0003068003631261,1658,100,16.58,10,31,15.58,9,30,False,34.51861204800662,34.073986234958284,0.0119003780419006,Facebook,GPR,optseed2,/Users/sota/projects/cap-sn/experiments/optimization_facebook/optimize_runs_auc_20260618/gpr_optseed2,0.0160662764039747,"(0.6, 0.65]","(0.9, 0.95]",0.625,0.925
89,TrialState.COMPLETE,0.0203589207705778,auc,optseed1,4204,0.6643557128025611,0.9972081992056128,3e-05,0.0203589207705778,0.0951899999999999,0.0002333333333333,1362,100,13.62,10,24,12.62,9,23,False,5.666857571923174,5.600851217051968,0.0121034600306302,BA1000,GA,optseed1,/Users/sota/projects/cap-sn/experiments/optimization_ba1000/optimize_runs_auc_20260618/ga_optseed1,0.0203589207705778,"(0.65, 0.7]","(0.95, 1.0]",0.675,0.975
93,TrialState.COMPLETE,0.0203622797465374,auc,optseed1,4202,0.9355167595069338,0.9965880506041648,5e-05,0.0203622797465374,0.09523,0.00026,1342,100,13.42,10,23,12.42,9,22,False,5.463530846056528,5.401452086050995,0.0124458950012922,BA1000,CMAES,optseed1,/Users/sota/projects/cap-sn/experiments/optimization_ba1000/optimize_runs_auc_20260618/cmaes_optseed1,0.0203622797465374,"(0.9, 0.95]","(0.95, 1.0]",0.925,0.975
79,TrialState.COMPLETE,0.0203789103922822,auc,optseed1,4204,0.5647090895867153,0.9972081992056128,5e-05,0.0203789103922822,0.0951399999999999,0.00025,1331,100,13.31,10,20,12.31,9,19,False,5.495087872026488,5.4326015170663595,0.011880578007549,BA1000,GA,optseed1,/Users/sota/projects/cap-sn/experiments/optimization_ba1000/optimize_runs_auc_20260618/ga_optseed1,0.0203789103922822,"(0.55, 0.6]","(0.95, 1.0]",0.575,0.975
50,TrialState.COMPLETE,0.0203995202842822,auc,optseed3,6203,0.7344178064169626,0.996273307440012,2e-05,0.0203995202842822,0.0952099999999999,0.0002733333333333,1325,100,13.25,9,22,12.25,8,21,False,5.4425719229038805,5.385622923960909,0.0120238590752705,BA1000,RANDOM,optseed3,/Users/sota/projects/cap-sn/experiments/optimization_ba1000/optimize_runs_auc_20260618/random_optseed3,0.0203995202842822,"(0.7, 0.75]","(0.95, 1.0]",0.725,0.975
89,TrialState.COMPLETE,0.0204038914547354,auc,optseed3,6202,0.8763686440694214,0.9424193053760804,3e-05,0.0204038914547354,0.0960099999999999,0.00033,1387,100,13.87,8,22,12.87,7,21,False,5.831977765075862,5.760412525967695,0.0180245890514925,BA1000,CMAES,optseed3,/Users/sota/projects/cap-sn/experiments/optimization_ba1000/optimize_runs_auc_20260618/cmaes_optseed3,0.0204038914547354,"(0.85, 0.9]","(0.9, 0.95]",0.875,0.925
69,TrialState.COMPLETE,0.0204089821509012,auc,optseed3,6202,0.7851336859610265,0.995312825902434,4e-05,0.0204089821509012,0.0951999999999999,0.0002633333333333,1330,100,13.3,9,23,12.3,8,22,False,5.479425680008717,5.40898898395244,0.0190494800917804,BA1000,CMAES,optseed3,/Users/sota/projects/cap-sn/experiments/optimization_ba1000/optimize_runs_auc_20260618/cmaes_optseed3,0.0204089821509012,"(0.75, 0.8]","(0.95, 1.0]",0.775,0.975
72,TrialState.COMPLETE,0.0204274741413986,auc,optseed1,4204,0.610669574825893,0.9972081992056128,5e-05,0.0204274741413986,0.0951399999999999,0.0002466666666666,1327,100,13.27,10,20,12.27,9,19,False,5.5304277709219605,5.4667422730708495,0.0123515230370685,BA1000,GA,optseed1,/Users/sota/projects/cap-sn/experiments/optimization_ba1000/optimize_runs_auc_20260618/ga_optseed1,0.0204274741413986,"(0.6, 0.65]","(0.95, 1.0]",0.625,0.975
98,TrialState.COMPLETE,0.0204388667892247,auc,optseed3,6202,0.8151647577477178,0.9958082637155878,6e-05,0.0204388667892247,0.0951899999999999,0.0002633333333333,1324,100,13.24,9,23,12.24,8,22,False,5.435541662038304,5.368796917959116,0.0169965070672333,BA1000,CMAES,optseed3,/Users/sota/projects/cap-sn/experiments/optimization_ba1000/optimize_runs_auc_20260618/cmaes_optseed3,0.0204038914547354,"(0.8, 0.85]","(0.95, 1.0]",0.825,0.975
77,TrialState.COMPLETE,0.0204644378774819,auc,optseed1,4204,0.54665780245505,0.9972081992056128,5e-05,0.0204644378774819,0.0951399999999999,0.00026,1327,100,13.27,10,21,12.27,9,20,False,5.625674064969644,5.561000465997495,0.0123431129613891,BA1000,GA,optseed1,/Users/sota/projects/cap-sn/experiments/optimization_ba1000/optimize_runs_auc_20260618/ga_optseed1,0.0204274741413986,"(0.499, 0.55]","(0.95, 1.0]",0.5245,0.975
8,TrialState.COMPLETE,0.0204644378774819,auc,optseed1,4204,0.54665780245505,0.9972081992056128,5e-05,0.0204644378774819,0.0951399999999999,0.00026,1327,100,13.27,10,21,12.27,9,20,False,5.464146693004295,5.4022427160525694,0.0120715700322762,BA1000,GA,optseed1,/Users/sota/projects/cap-sn/experiments/optimization_ba1000/optimize_runs_auc_20260618/ga_optseed1,0.0204644378774819,"(0.499, 0.55]","(0.95, 1.0]",0.5245,0.975
39,TrialState.COMPLETE,0.0204765270726641,auc,optseed3,6202,0.8858085429491448,0.9354232058672284,5e-05,0.0204765270726641,0.0964199999999999,0.0003799999999999,1359,100,13.59,8,24,12.59,7,23,False,5.8289263299666345,5.754552067955956,0.0187463269103318,BA1000,CMAES,optseed3,/Users/sota/projects/cap-sn/experiments/optimization_ba1000/optimize_runs_auc_20260618/cmaes_optseed3,0.0204765270726641,"(0.85, 0.9]","(0.9, 0.95]",0.875,0.925
95,TrialState.COMPLETE,0.0204806142088905,auc,optseed2,5202,0.7341905193486334,0.9970163093058112,3e-05,0.0204806142088905,0.0951799999999999,0.00024,1332,100,13.32,10,21,12.32,9,20,False,5.602574766962789,5.542207967955619,0.0120214989874511,BA1000,CMAES,optseed2,/Users/sota/projects/cap-sn/experiments/optimization_ba1000/optimize_runs_auc_20260618/cmaes_optseed2,0.0204806142088905,"(0.7, 0.75]","(0.95, 1.0]",0.725,0.975
65,TrialState.COMPLETE,0.0204862024931552,auc,optseed2,5202,0.7267665048448086,0.996763818983222,3e-05,0.0204862024931552,0.0951299999999999,0.0002566666666666,1317,100,13.17,10,21,12.17,9,20,False,5.538093979936093,5.475610296009108,0.0118726870277896,BA1000,CMAES,optseed2,/Users/sota/projects/cap-sn/experiments/optimization_ba1000/optimize_runs_auc_20260618/cmaes_optseed2,0.0204862024931552,"(0.7, 0.75]","(0.95, 1.0]",0.725,0.975
64,TrialState.COMPLETE,0.020496154979062,auc,optseed3,6202,0.8199771590565873,0.9967176454984944,6e-05,0.020496154979062,0.0951799999999999,0.0002666666666666,1331,100,13.31,10,23,12.31,9,22,False,5.421393638011068,5.357831830973737,0.0121471310267224,BA1000,CMAES,optseed3,/Users/sota/projects/cap-sn/experiments/optimization_ba1000/optimize_runs_auc_20260618/cmaes_optseed3,0.0204765270726641,"(0.8, 0.85]","(0.95, 1.0]",0.825,0.975
63,TrialState.COMPLETE,0.0204988552247116,auc,optseed2,5202,0.7598532805221065,0.997662824804834,3e-05,0.0204988552247116,0.0952399999999999,0.00029,1351,100,13.51,9,21,12.51,8,20,False,5.676389002008364,5.611392459017225,0.0119569989619776,BA1000,CMAES,optseed2,/Users/sota/projects/cap-sn/experiments/optimization_ba1000/optimize_runs_auc_20260618/cmaes_optseed2,0.0204988552247116,"(0.75, 0.8]","(0.95, 1.0]",0.775,0.975
58,TrialState.COMPLETE,0.0205093902644483,auc,optseed3,6203,0.5664320076990138,0.995613015310449,3e-05,0.0205093902644483,0.09521,0.00027,1324,100,13.24,9,22,12.24,8,21,False,5.525787087040953,5.46135553100612,0.0194445949746295,BA1000,RANDOM,optseed3,/Users/sota/projects/cap-sn/experiments/optimization_ba1000/optimize_runs_auc_20260618/random_optseed3,0.0203995202842822,"(0.55, 0.6]","(0.95, 1.0]",0.575,0.975
74,TrialState.COMPLETE,0.0205722360320278,auc,optseed3,6202,0.7971173207667794,0.997657153148751,3e-05,0.0205722360320278,0.0952399999999999,0.00028,1341,100,13.41,9,21,12.41,8,20,False,5.532316233031452,5.45852049801033,0.0177533959504216,BA1000,CMAES,optseed3,/Users/sota/projects/cap-sn/experiments/optimization_ba1000/optimize_runs_auc_20260618/cmaes_optseed3,0.0204089821509012,"(0.75, 0.8]","(0.95, 1.0]",0.775,0.975
80,TrialState.COMPLETE,0.0205741377293157,auc,optseed3,6202,0.862549709546654,0.9795700329887598,5e-05,0.0205741377293157,0.09564,0.0003599999999999,1337,100,13.37,9,22,12.37,8,21,False,5.582784787984565,5.514952972065657,0.0154130390146747,BA1000,CMAES,optseed3,/Users/sota/projects/cap-sn/experiments/optimization_ba1000/optimize_runs_auc_20260618/cmaes_optseed3,0.0204089821509012,"(0.85, 0.9]","(0.95, 1.0]",0.875,0.975
90,TrialState.COMPLETE,0.0205833903915142,auc,optseed3,6203,0.9069793082263348,0.9343036197578456,5e-05,0.0205833903915142,0.0964599999999999,0.00037,1360,100,13.6,9,24,12.6,8,23,False,5.722477436996996,5.656097717001103,0.0182001709472388,BA1000,RANDOM,optseed3,/Users/sota/projects/cap-sn/experiments/optimization_ba1000/optimize_runs_auc_20260618/random_optseed3,0.0203995202842822,"(0.9, 0.95]","(0.9, 0.95]",0.925,0.925
72,TrialState.COMPLETE,0.0205878774529564,auc,optseed3,6202,0.8527572423060777,0.9789571943708932,4e-05,0.0205878774529564,0.09567,0.0004066666666666,1352,100,13.52,9,21,12.52,8,20,False,5.52701066096779,5.4596061209449545,0.0123252930352464,BA1000,CMAES,optseed3,/Users/sota/projects/cap-sn/experiments/optimization_ba1000/optimize_runs_auc_20260618/cmaes_optseed3,0.0204089821509012,"(0.85, 0.9]","(0.95, 1.0]",0.875,0.975
29,TrialState.COMPLETE,0.0206115499439501,auc,optseed1,4201,0.9328981070247124,1.0,1e-05,0.0206115499439501,0.0951199999999999,0.00025,1344,100,13.44,9,22,12.44,8,21,False,5.858610924100503,5.498577293008566,0.0121187700424343,BA1000,GPR,optseed1,/Users/sota/projects/cap-sn/experiments/optimization_ba1000/optimize_runs_auc_20260618/gpr_optseed1,0.0206115499439501,"(0.9, 0.95]","(0.95, 1.0]",0.925,0.975
23,TrialState.COMPLETE,0.0206115499439501,auc,optseed1,4201,0.9350412373644952,1.0,1e-05,0.0206115499439501,0.0951199999999999,0.00025,1344,100,13.44,9,22,12.44,8,21,False,5.866279382025823,5.535716891987249,0.0120818299474194,BA1000,GPR,optseed1,/Users/sota/projects/cap-sn/experiments/optimization_ba1000/optimize_runs_auc_20260618/gpr_optseed1,0.0206115499439501,"(0.9, 0.95]","(0.95, 1.0]",0.925,0.975
25,TrialState.COMPLETE,0.0206115499439501,auc,optseed1,4201,0.933339110457292,1.0,1e-05,0.0206115499439501,0.0951199999999999,0.00025,1344,100,13.44,9,22,12.44,8,21,False,5.937003972008824,5.552259613992646,0.0120221489341929,BA1000,GPR,optseed1,/Users/sota/projects/cap-sn/experiments/optimization_ba1000/optimize_runs_auc_20260618/gpr_optseed1,0.0206115499439501,"(0.9, 0.95]","(0.95, 1.0]",0.925,0.975
26,TrialState.COMPLETE,0.0206115499439501,auc,optseed1,4201,0.9331655710047674,1.0,1e-05,0.0206115499439501,0.0951199999999999,0.00025,1344,100,13.44,9,22,12.44,8,21,False,6.116143406950869,5.6752167290542275,0.0125452850479632,BA1000,GPR,optseed1,/Users/sota/projects/cap-sn/experiments/optimization_ba1000/optimize_runs_auc_20260618/gpr_optseed1,0.0206115499439501,"(0.9, 0.95]","(0.95, 1.0]",0.925,0.975
27,TrialState.COMPLETE,0.0206115499439501,auc,optseed1,4201,0.9330489668349768,1.0,1e-05,0.0206115499439501,0.0951199999999999,0.00025,1344,100,13.44,9,22,12.44,8,21,False,5.947773596039042,5.56466829800047,0.0120647000148892,BA1000,GPR,optseed1,/Users/sota/projects/cap-sn/experiments/optimization_ba1000/optimize_runs_auc_20260618/gpr_optseed1,0.0206115499439501,"(0.9, 0.95]","(0.95, 1.0]",0.925,0.975
28,TrialState.COMPLETE,0.0206115499439501,auc,optseed1,4201,0.9329637206250097,1.0,1e-05,0.0206115499439501,0.0951199999999999,0.00025,1344,100,13.44,9,22,12.44,8,21,False,5.8289705800125375,5.4705708579858765,0.0120093189179897,BA1000,GPR,optseed1,/Users/sota/projects/cap-sn/experiments/optimization_ba1000/optimize_runs_auc_20260618/gpr_optseed1,0.0206115499439501,"(0.9, 0.95]","(0.95, 1.0]",0.925,0.975
24,TrialState.COMPLETE,0.0206199262769394,auc,optseed1,4201,0.9323267338325129,1.0,1e-05,0.0206199262769394,0.0951199999999999,0.0002366666666666,1338,100,13.38,9,22,12.38,8,21,False,5.878324382007122,5.5257942880271,0.0121324600186198,BA1000,GPR,optseed1,/Users/sota/projects/cap-sn/experiments/optimization_ba1000/optimize_runs_auc_20260618/gpr_optseed1,0.0206115499439501,"(0.9, 0.95]","(0.95, 1.0]",0.925,0.975
48,TrialState.COMPLETE,0.0206263257977757,auc,optseed3,6201,0.9581297439405831,0.9346049723593364,5e-05,0.0206263257977757,0.0964199999999999,0.0004266666666666,1357,100,13.57,8,24,12.57,7,23,False,6.25652947393246,5.639873620006256,0.0119304381078109,BA1000,GPR,optseed3,/Users/sota/projects/cap-sn/experiments/optimization_ba1000/optimize_runs_auc_20260618/gpr_optseed3,0.0206263257977757,"(0.95, 1.0]","(0.9, 0.95]",0.975,0.925
52,TrialState.COMPLETE,0.0206285829472572,auc,optseed3,6202,0.8217422863488011,0.9986691544787174,1e-05,0.0206285829472572,0.0951299999999999,0.0002566666666666,1335,100,13.35,9,23,12.35,8,22,False,5.6826231649611145,5.610966864041984,0.0189647900406271,BA1000,CMAES,optseed3,/Users/sota/projects/cap-sn/experiments/optimization_ba1000/optimize_runs_auc_20260618/cmaes_optseed3,0.0204765270726641,"(0.8, 0.85]","(0.95, 1.0]",0.825,0.975
40,TrialState.COMPLETE,0.0206338442791298,auc,optseed3,6202,0.8769534525872315,0.9789747412156424,5e-05,0.0206338442791298,0.09567,0.0004233333333333,1351,100,13.51,9,24,12.51,8,23,False,5.602499166037887,5.529296057997271,0.0181367599871009,BA1000,CMAES,optseed3,/Users/sota/projects/cap-sn/experiments/optimization_ba1000/optimize_runs_auc_20260618/cmaes_optseed3,0.0204765270726641,"(0.85, 0.9]","(0.95, 1.0]",0.875,0.975
87,TrialState.COMPLETE,0.0206352814528634,auc,optseed2,5204,0.9016987430635596,0.9980866952781604,2e-05,0.0206352814528634,0.0951799999999999,0.0002566666666666,1324,100,13.24,9,23,12.24,8,22,False,5.528243546024896,5.4644099060678855,0.0119701890507712,BA1000,GA,optseed2,/Users/sota/projects/cap-sn/experiments/optimization_ba1000/optimize_runs_auc_20260618/ga_optseed2,0.0206352814528634,"(0.9, 0.95]","(0.95, 1.0]",0.925,0.975
10,TrialState.COMPLETE,0.0206357734991616,auc,optseed3,6201,0.9463287007000972,1.0,1e-05,0.0206357734991616,0.0951099999999999,0.00024,1337,100,13.37,9,22,12.37,8,21,False,6.257455745013431,5.598070734995417,0.0123616129858419,BA1000,GPR,optseed3,/Users/sota/projects/cap-sn/experiments/optimization_ba1000/optimize_runs_auc_20260618/gpr_optseed3,0.0206357734991616,"(0.9, 0.95]","(0.95, 1.0]",0.925,0.975
29,TrialState.COMPLETE,0.0206363417421931,auc,optseed2,5204,0.5249265912106132,0.9995185094279692,1e-05,0.0206363417421931,0.0951299999999999,0.0002433333333333,1334,100,13.34,9,22,12.34,8,21,False,5.657437932910398,5.590777909965254,0.0120201089885085,BA1000,GA,optseed2,/Users/sota/projects/cap-sn/experiments/optimization_ba1000/optimize_runs_auc_20260618/ga_optseed2,0.0206363417421931,"(0.499, 0.55]","(0.95, 1.0]",0.5245,0.975
65,TrialState.COMPLETE,0.0206382593614675,auc,optseed3,6201,0.9045132958312012,1.0,1e-05,0.0206382593614675,0.0951199999999999,0.00023,1337,100,13.37,9,22,12.37,8,21,False,5.803838928928599,5.404735443997197,0.0119272789452224,BA1000,GPR,optseed3,/Users/sota/projects/cap-sn/experiments/optimization_ba1000/optimize_runs_auc_20260618/gpr_optseed3,0.0206263257977757,"(0.9, 0.95]","(0.95, 1.0]",0.925,0.975
55,TrialState.COMPLETE,0.0206390847022344,auc,optseed2,5202,0.7264253492009639,0.9943055000894808,2e-05,0.0206390847022344,0.0952399999999999,0.00028,1319,100,13.19,9,22,12.19,8,21,False,5.603208994027227,5.528441147995181,0.0143987870542332,BA1000,CMAES,optseed2,/Users/sota/projects/cap-sn/experiments/optimization_ba1000/optimize_runs_auc_20260618/cmaes_optseed2,0.0206390847022344,"(0.7, 0.75]","(0.95, 1.0]",0.725,0.975
83,TrialState.COMPLETE,0.0206434629664539,auc,optseed2,5202,0.7281831844789595,0.97920520975311,4e-05,0.0206434629664539,0.09567,0.0003633333333333,1352,100,13.52,9,25,12.52,8,24,False,5.587438702001236,5.51665162097197,0.0175294930813834,BA1000,CMAES,optseed2,/Users/sota/projects/cap-sn/experiments/optimization_ba1000/optimize_runs_auc_20260618/cmaes_optseed2,0.0204862024931552,"(0.7, 0.75]","(0.95, 1.0]",0.725,0.975
97,TrialState.COMPLETE,0.0206451193971409,auc,optseed3,6201,0.6341973120081478,0.9982435587389252,4e-05,0.0206451193971409,0.0951899999999999,0.00026,1340,100,13.4,9,23,12.4,8,22,False,6.498862651991658,5.5997021939838305,0.0125133550027385,BA1000,GPR,optseed3,/Users/sota/projects/cap-sn/experiments/optimization_ba1000/optimize_runs_auc_20260618/gpr_optseed3,0.0206263257977757,"(0.6, 0.65]","(0.95, 1.0]",0.625,0.975
77,TrialState.COMPLETE,0.0206479441468404,auc,optseed3,6201,0.6440970703966985,0.9944660888275249,2e-05,0.0206479441468404,0.09521,0.0002833333333333,1317,100,13.17,9,22,12.17,8,21,False,6.5287715289741755,5.572881672997028,0.0119582189945504,BA1000,GPR,optseed3,/Users/sota/projects/cap-sn/experiments/optimization_ba1000/optimize_runs_auc_20260618/gpr_optseed3,0.0206263257977757,"(0.6, 0.65]","(0.95, 1.0]",0.625,0.975
78,TrialState.COMPLETE,0.020651330339638,auc,optseed1,4202,0.9794264847810352,0.937231744906833,5e-05,0.020651330339638,0.0962299999999999,0.00032,1371,100,13.71,9,24,12.71,8,23,False,5.771448133978993,5.702452544006519,0.0188627690076828,BA1000,CMAES,optseed1,/Users/sota/projects/cap-sn/experiments/optimization_ba1000/optimize_runs_auc_20260618/cmaes_optseed1,0.020651330339638,"(0.95, 1.0]","(0.9, 0.95]",0.975,0.925
42,TrialState.COMPLETE,0.0206524696955633,auc,optseed3,6202,0.8908293122290444,0.99378423448464,4e-05,0.0206524696955633,0.0952499999999999,0.00027,1318,100,13.18,9,23,12.18,8,22,False,5.5692513410467654,5.4977866830304265,0.0189523400040343,BA1000,CMAES,optseed3,/Users/sota/projects/cap-sn/experiments/optimization_ba1000/optimize_runs_auc_20260618/cmaes_optseed3,0.0204765270726641,"(0.85, 0.9]","(0.95, 1.0]",0.875,0.975
73,TrialState.COMPLETE,0.0206532452461968,auc,optseed2,5202,0.7253479405214409,0.9980637573315184,2e-05,0.0206532452461968,0.0951799999999999,0.0002533333333333,1330,100,13.3,9,21,12.3,8,20,False,5.539594836998731,5.460361298988573,0.0187276570359244,BA1000,CMAES,optseed2,/Users/sota/projects/cap-sn/experiments/optimization_ba1000/optimize_runs_auc_20260618/cmaes_optseed2,0.0204862024931552,"(0.7, 0.75]","(0.95, 1.0]",0.725,0.975
52,TrialState.COMPLETE,0.0206540697764567,auc,optseed1,4201,0.6601842714364814,1.0,1e-05,0.0206540697764567,0.0951499999999999,0.0002433333333333,1334,100,13.34,9,22,12.34,8,21,False,6.151656809030101,5.612696755095385,0.0120822499739006,BA1000,GPR,optseed1,/Users/sota/projects/cap-sn/experiments/optimization_ba1000/optimize_runs_auc_20260618/gpr_optseed1,0.0206115499439501,"(0.65, 0.7]","(0.95, 1.0]",0.675,0.975
98,TrialState.COMPLETE,0.0206543644393961,auc,optseed1,4201,0.9030425535896972,1.0,1e-05,0.0206543644393961,0.0951199999999999,0.0002266666666666,1336,100,13.36,9,22,12.36,8,21,False,5.867527778027579,5.449324710993096,0.0120150899747386,BA1000,GPR,optseed1,/Users/sota/projects/cap-sn/experiments/optimization_ba1000/optimize_runs_auc_20260618/gpr_optseed1,0.0206115499439501,"(0.9, 0.95]","(0.95, 1.0]",0.925,0.975
92,TrialState.COMPLETE,0.0206551672562044,auc,optseed1,4201,0.9006671066087253,1.0,1e-05,0.0206551672562044,0.0951199999999999,0.00023,1336,100,13.36,9,22,12.36,8,21,False,6.055771407904103,5.616436326992698,0.0120536700123921,BA1000,GPR,optseed1,/Users/sota/projects/cap-sn/experiments/optimization_ba1000/optimize_runs_auc_20260618/gpr_optseed1,0.0206115499439501,"(0.9, 0.95]","(0.95, 1.0]",0.925,0.975
39,TrialState.COMPLETE,0.0206551672562044,auc,optseed3,6201,0.8991282975965886,1.0,1e-05,0.0206551672562044,0.0951199999999999,0.00023,1336,100,13.36,9,22,12.36,8,21,False,6.063985052984208,5.590900791925378,0.0121121300617232,BA1000,GPR,optseed3,/Users/sota/projects/cap-sn/experiments/optimization_ba1000/optimize_runs_auc_20260618/gpr_optseed3,0.0206357734991616,"(0.85, 0.9]","(0.95, 1.0]",0.875,0.975
15,TrialState.COMPLETE,0.0206552297019715,auc,optseed1,4204,0.5513200106512267,0.9993436356830404,3e-05,0.0206552297019715,0.09516,0.0002533333333333,1334,100,13.34,9,22,12.34,8,21,False,5.486110987956636,5.424214099999517,0.0119258590275421,BA1000,GA,optseed1,/Users/sota/projects/cap-sn/experiments/optimization_ba1000/optimize_runs_auc_20260618/ga_optseed1,0.0204644378774819,"(0.55, 0.6]","(0.95, 1.0]",0.575,0.975
91,TrialState.COMPLETE,0.0206556211331668,auc,optseed3,6203,0.965982456990412,0.954325003457874,3e-05,0.0206556211331668,0.0957699999999999,0.0003733333333333,1381,100,13.81,9,22,12.81,8,21,False,6.031011481070891,5.974789620027877,0.0124275339767336,BA1000,RANDOM,optseed3,/Users/sota/projects/cap-sn/experiments/optimization_ba1000/optimize_runs_auc_20260618/random_optseed3,0.0203995202842822,"(0.95, 1.0]","(0.95, 1.0]",0.975,0.975
91,TrialState.COMPLETE,0.020658619174367,auc,optseed2,5202,0.7406977595516991,0.979691124860633,5e-05,0.020658619174367,0.09567,0.0003866666666666,1338,100,13.38,9,25,12.38,8,24,False,5.533554687979631,5.461802795995027,0.0118634679820388,BA1000,CMAES,optseed2,/Users/sota/projects/cap-sn/experiments/optimization_ba1000/optimize_runs_auc_20260618/cmaes_optseed2,0.0204862024931552,"(0.7, 0.75]","(0.95, 1.0]",0.725,0.975
15,TrialState.COMPLETE,0.0206590548588838,auc,optseed1,4203,0.9125765842116024,0.999308877036269,1e-05,0.0206590548588838,0.09518,0.0002733333333333,1335,100,13.35,9,24,12.35,8,23,False,5.71107337391004,5.6552304869983345,0.0122051319340243,BA1000,RANDOM,optseed1,/Users/sota/projects/cap-sn/experiments/optimization_ba1000/optimize_runs_auc_20260618/random_optseed1,0.0206590548588838,"(0.9, 0.95]","(0.95, 1.0]",0.925,0.975
77,TrialState.COMPLETE,0.0206599581859317,auc,optseed2,5202,0.7511064596523329,0.9800742315083216,5e-05,0.0206599581859317,0.09565,0.0003433333333333,1308,100,13.08,9,25,12.08,8,24,False,5.536726273945533,5.464994492940605,0.0185880549252033,BA1000,CMAES,optseed2,/Users/sota/projects/cap-sn/experiments/optimization_ba1000/optimize_runs_auc_20260618/cmaes_optseed2,0.0204862024931552,"(0.75, 0.8]","(0.95, 1.0]",0.775,0.975
