trial,state,value,score_metric,replicate_label,sampler_seed,certainty,effectiveness,final_selfish_ratio,normalized_selfish_auc,peak_selfish_ratio,final_window_selfish_mean,n_rows,n_iter,mean_n_steps,min_n_steps,max_n_steps,mean_t_max,min_t_max,max_t_max,score_failed,trial_elapsed_sec,simulation_elapsed_sec,score_elapsed_sec,trial_info_arrow,trial_pop_arrow,trial_agent_arrow
0,TrialState.COMPLETE,0.022247975461586914,auc,optseed6,9202,0.7448851010249777,0.7588023607394234,5e-05,0.022247975461586914,0.09801,0.0005899999999999999,1287,100,12.87,8,22,11.87,7,21,False,5.388089020969346,5.3176514259539545,0.014980732928961515,result/trials/trial_0000_info.arrow,result/trials/trial_0000_pop.arrow,result/trials/trial_0000_agent.arrow
1,TrialState.COMPLETE,0.022393631067333074,auc,optseed6,9202,0.7561967162443578,0.7449474781730557,9e-05,0.022393631067333074,0.09753,0.00075,1256,100,12.56,8,21,11.56,7,20,False,5.6490141549147666,5.577631647931412,0.012238921830430627,result/trials/trial_0001_info.arrow,result/trials/trial_0001_pop.arrow,result/trials/trial_0001_agent.arrow
2,TrialState.COMPLETE,0.02239596851535977,auc,optseed6,9202,0.6453978653975191,0.7157460436059455,7.000000000000001e-05,0.02239596851535977,0.09702999999999999,0.0009,1306,100,13.06,8,24,12.06,7,23,False,5.854582986794412,5.790989550063387,0.01234889286570251,result/trials/trial_0002_info.arrow,result/trials/trial_0002_pop.arrow,result/trials/trial_0002_agent.arrow
3,TrialState.COMPLETE,0.022304946855432148,auc,optseed6,9202,0.7985602955976338,0.7285238679226869,5e-05,0.022304946855432148,0.09750999999999997,0.0004966666666666666,1289,100,12.89,9,26,11.89,8,25,False,5.890132128959522,5.825736572034657,0.01196192903444171,result/trials/trial_0003_info.arrow,result/trials/trial_0003_pop.arrow,result/trials/trial_0003_agent.arrow
4,TrialState.COMPLETE,0.021916991582128634,auc,optseed6,9202,0.7407416233785366,0.8170614593227605,4e-05,0.021916991582128634,0.0964,0.0006333333333333334,1283,100,12.83,8,23,11.83,7,22,False,5.567604061914608,5.510224056895822,0.011896237963810563,result/trials/trial_0004_info.arrow,result/trials/trial_0004_pop.arrow,result/trials/trial_0004_agent.arrow
5,TrialState.COMPLETE,0.022360228686020986,auc,optseed6,9202,0.6778581473484938,0.7475863535459106,7.000000000000001e-05,0.022360228686020986,0.09756000000000001,0.00077,1279,100,12.79,8,25,11.79,7,24,False,5.617024803999811,5.5533489768859,0.011952228145673871,result/trials/trial_0005_info.arrow,result/trials/trial_0005_pop.arrow,result/trials/trial_0005_agent.arrow
6,TrialState.COMPLETE,0.022370796506086234,auc,optseed6,9202,0.7541998557383053,0.6824744989999175,5e-05,0.022370796506086234,0.09751000000000001,0.0005433333333333333,1301,100,13.01,9,24,12.01,8,23,False,5.847974759992212,5.781603732146323,0.017640164121985435,result/trials/trial_0006_info.arrow,result/trials/trial_0006_pop.arrow,result/trials/trial_0006_agent.arrow
7,TrialState.COMPLETE,0.02245988942692155,auc,optseed6,9202,0.8127149542350307,0.7115017477041344,0.00010999999999999999,0.02245988942692155,0.09716999999999999,0.0006333333333333334,1276,100,12.76,9,20,11.76,8,19,False,5.851878965971991,5.788641453022137,0.012473064009100199,result/trials/trial_0007_info.arrow,result/trials/trial_0007_pop.arrow,result/trials/trial_0007_agent.arrow
8,TrialState.COMPLETE,0.02133820198106286,auc,optseed6,9202,0.7984017589334897,0.8723468325382598,5e-05,0.02133820198106286,0.09710999999999999,0.00036666666666666667,1331,100,13.31,9,23,12.31,8,22,False,5.616744331084192,5.557836318854243,0.01253273501060903,result/trials/trial_0008_info.arrow,result/trials/trial_0008_pop.arrow,result/trials/trial_0008_agent.arrow
9,TrialState.COMPLETE,0.021300700553531438,auc,optseed6,9202,0.6868587686765599,0.8833955434566576,5e-05,0.021300700553531438,0.09719,0.00045333333333333337,1360,100,13.6,9,24,12.6,8,23,False,6.188774119131267,6.130232701078057,0.012200802098959684,result/trials/trial_0009_info.arrow,result/trials/trial_0009_pop.arrow,result/trials/trial_0009_agent.arrow
10,TrialState.COMPLETE,0.02195586388963634,auc,optseed6,9202,0.6968537225588629,0.817303682278899,5e-05,0.02195586388963634,0.0964,0.0006366666666666667,1282,100,12.82,8,24,11.82,7,23,False,5.6045959601178765,5.542805484961718,0.011895098024979234,result/trials/trial_0010_info.arrow,result/trials/trial_0010_pop.arrow,result/trials/trial_0010_agent.arrow
11,TrialState.COMPLETE,0.02174710967791687,auc,optseed6,9202,0.7385987451088519,0.7625798192635198,4e-05,0.02174710967791687,0.09807000000000002,0.00049,1360,100,13.6,8,23,12.6,7,22,False,5.5917867119424045,5.524706865195185,0.012041910085827112,result/trials/trial_0011_info.arrow,result/trials/trial_0011_pop.arrow,result/trials/trial_0011_agent.arrow
12,TrialState.COMPLETE,0.02151495743989002,auc,optseed6,9202,0.7362520417684708,0.915406627995495,3e-05,0.02151495743989002,0.09758000000000001,0.00042666666666666667,1308,100,13.08,9,23,12.08,8,22,False,5.6291009350679815,5.568077256903052,0.011981809046119452,result/trials/trial_0012_info.arrow,result/trials/trial_0012_pop.arrow,result/trials/trial_0012_agent.arrow
13,TrialState.COMPLETE,0.021316538009290332,auc,optseed6,9202,0.6652540450699282,0.8693883175401529,6e-05,0.021316538009290332,0.09701000000000003,0.0002866666666666667,1349,100,13.49,9,24,12.49,8,23,False,5.940207919105887,5.858531193109229,0.019081051228567958,result/trials/trial_0013_info.arrow,result/trials/trial_0013_pop.arrow,result/trials/trial_0013_agent.arrow
14,TrialState.COMPLETE,0.022444274655753972,auc,optseed6,9202,0.7377887434433763,0.7261136454889402,6e-05,0.022444274655753972,0.09759000000000001,0.0006166666666666667,1300,100,13.0,9,23,12.0,8,22,False,5.748446937883273,5.6850281921215355,0.012173851020634174,result/trials/trial_0014_info.arrow,result/trials/trial_0014_pop.arrow,result/trials/trial_0014_agent.arrow
15,TrialState.COMPLETE,0.020844979737326807,auc,optseed6,9202,0.7225010147562894,0.9546591054580976,2e-05,0.020844979737326807,0.09566,0.0003266666666666666,1360,100,13.6,9,24,12.6,8,23,False,6.2073836349882185,6.127845252864063,0.022834124974906445,result/trials/trial_0015_info.arrow,result/trials/trial_0015_pop.arrow,result/trials/trial_0015_agent.arrow
16,TrialState.COMPLETE,0.021938513372121663,auc,optseed6,9202,0.720587404815908,0.7893456042010978,6e-05,0.021938513372121663,0.09686,0.0005,1255,100,12.55,9,23,11.55,8,22,False,5.61780122295022,5.555364350089803,0.011983079137280583,result/trials/trial_0016_info.arrow,result/trials/trial_0016_pop.arrow,result/trials/trial_0016_agent.arrow
17,TrialState.COMPLETE,0.02147701181193247,auc,optseed6,9202,0.6937720109848758,0.8625957602063714,4e-05,0.02147701181193247,0.09777000000000001,0.0005633333333333333,1324,100,13.24,9,21,12.24,8,20,False,5.785947721917182,5.727471065009013,0.012030659010633826,result/trials/trial_0017_info.arrow,result/trials/trial_0017_pop.arrow,result/trials/trial_0017_agent.arrow
18,TrialState.COMPLETE,0.02079236984828897,auc,optseed6,9202,0.6412346199937864,0.9360682855972007,5e-05,0.02079236984828897,0.09627999999999998,0.00040333333333333334,1341,100,13.41,8,26,12.41,7,25,False,5.864829826168716,5.803183721145615,0.011837286874651909,result/trials/trial_0018_info.arrow,result/trials/trial_0018_pop.arrow,result/trials/trial_0018_agent.arrow
19,TrialState.COMPLETE,0.02187303934422704,auc,optseed6,9202,0.7492206593734321,0.8163333351883708,1e-05,0.02187303934422704,0.09629000000000001,0.0005899999999999999,1280,100,12.8,8,27,11.8,7,26,False,5.698046394158155,5.629202156094834,0.01192966802045703,result/trials/trial_0019_info.arrow,result/trials/trial_0019_pop.arrow,result/trials/trial_0019_agent.arrow
20,TrialState.COMPLETE,0.021022408524525013,auc,optseed6,9202,0.6253093849458013,0.9610898344947421,5e-05,0.021022408524525013,0.09543999999999998,0.0003933333333333333,1320,100,13.2,9,22,12.2,8,21,False,5.9239304000511765,5.859725596150383,0.012085380032658577,result/trials/trial_0020_info.arrow,result/trials/trial_0020_pop.arrow,result/trials/trial_0020_agent.arrow
21,TrialState.COMPLETE,0.022558946919549693,auc,optseed6,9202,0.8115329991862028,0.6353222980851655,7.000000000000001e-05,0.022558946919549693,0.09723999999999998,0.00064,1285,100,12.85,9,24,11.85,8,23,False,5.672403255943209,5.609156853053719,0.012248901883140206,result/trials/trial_0021_info.arrow,result/trials/trial_0021_pop.arrow,result/trials/trial_0021_agent.arrow
22,TrialState.COMPLETE,0.020848531392750246,auc,optseed6,9202,0.6615126600583408,0.9459993999749321,2e-05,0.020848531392750246,0.09602999999999998,0.0004866666666666667,1363,100,13.63,8,26,12.63,7,25,False,5.60479311295785,5.539935220964253,0.012340942863374949,result/trials/trial_0022_info.arrow,result/trials/trial_0022_pop.arrow,result/trials/trial_0022_agent.arrow
23,TrialState.COMPLETE,0.02092355246282075,auc,optseed6,9202,0.7429542111918837,0.9513744880743802,6e-05,0.02092355246282075,0.09597,0.00034333333333333335,1370,100,13.7,9,23,12.7,8,22,False,5.796789898071438,5.735169583000243,0.012048270087689161,result/trials/trial_0023_info.arrow,result/trials/trial_0023_pop.arrow,result/trials/trial_0023_agent.arrow
24,TrialState.COMPLETE,0.022505309541550642,auc,optseed6,9202,0.7576925375227878,0.6938337211843093,4e-05,0.022505309541550642,0.09721000000000002,0.00059,1296,100,12.96,9,21,11.96,8,20,False,5.684161961777136,5.619898728094995,0.01191954780369997,result/trials/trial_0024_info.arrow,result/trials/trial_0024_pop.arrow,result/trials/trial_0024_agent.arrow
25,TrialState.COMPLETE,0.021618790299827446,auc,optseed6,9202,0.6539373433448258,0.9039803236985491,3e-05,0.021618790299827446,0.0971,0.00044666666666666666,1309,100,13.09,9,21,12.09,8,20,False,6.0461285470519215,5.9776544228661805,0.012407544068992138,result/trials/trial_0025_info.arrow,result/trials/trial_0025_pop.arrow,result/trials/trial_0025_agent.arrow
26,TrialState.COMPLETE,0.021521730403969954,auc,optseed6,9202,0.5130357743546138,0.8673120757296132,6e-05,0.021521730403969954,0.09732000000000002,0.00036666666666666667,1357,100,13.57,9,22,12.57,8,21,False,5.900782512966543,5.834955360041931,0.012009568978101015,result/trials/trial_0026_info.arrow,result/trials/trial_0026_pop.arrow,result/trials/trial_0026_agent.arrow
27,TrialState.COMPLETE,0.021780475669755085,auc,optseed6,9202,0.7246906218410194,0.8998766894197565,4e-05,0.021780475669755085,0.09703,0.0004633333333333333,1289,100,12.89,9,22,11.89,8,21,False,5.8999354830011725,5.838257097871974,0.01247677393257618,result/trials/trial_0027_info.arrow,result/trials/trial_0027_pop.arrow,result/trials/trial_0027_agent.arrow
28,TrialState.COMPLETE,0.021443598064365896,auc,optseed6,9202,0.7196177739127251,0.8322003387163828,5e-05,0.021443598064365896,0.09725,0.00048333333333333334,1321,100,13.21,9,23,12.21,8,22,False,6.005124911200255,5.942370905075222,0.012407073052600026,result/trials/trial_0028_info.arrow,result/trials/trial_0028_pop.arrow,result/trials/trial_0028_agent.arrow
29,TrialState.COMPLETE,0.02085180629625792,auc,optseed6,9202,0.8043454798255449,0.9717974665547398,7.000000000000001e-05,0.02085180629625792,0.09552000000000001,0.00044666666666666666,1356,100,13.56,9,21,12.56,8,20,False,5.57006999081932,5.505444861017168,0.01243040501140058,result/trials/trial_0029_info.arrow,result/trials/trial_0029_pop.arrow,result/trials/trial_0029_agent.arrow
30,TrialState.COMPLETE,0.02121443655506001,auc,optseed6,9202,0.5553502572591351,0.8694180661571653,7.000000000000001e-05,0.02121443655506001,0.09706000000000001,0.00026,1356,100,13.56,9,22,12.56,8,21,False,5.898457054980099,5.83423823188059,0.012387642869725823,result/trials/trial_0030_info.arrow,result/trials/trial_0030_pop.arrow,result/trials/trial_0030_agent.arrow
31,TrialState.COMPLETE,0.021122332480340286,auc,optseed6,9202,0.7820303665742814,0.9298298921086479,4e-05,0.021122332480340286,0.09661,0.0003533333333333333,1352,100,13.52,9,23,12.52,8,22,False,6.008196127135307,5.927930027013645,0.02188006299547851,result/trials/trial_0031_info.arrow,result/trials/trial_0031_pop.arrow,result/trials/trial_0031_agent.arrow
32,TrialState.COMPLETE,0.021370847222300666,auc,optseed6,9202,0.7398416688237923,0.8559726902851592,6e-05,0.021370847222300666,0.09768,0.0005,1345,100,13.45,9,23,12.45,8,22,False,5.728915460873395,5.663361012004316,0.012358042877167463,result/trials/trial_0032_info.arrow,result/trials/trial_0032_pop.arrow,result/trials/trial_0032_agent.arrow
33,TrialState.COMPLETE,0.021424813858973848,auc,optseed6,9202,0.7274975330441433,0.9663742269158122,4e-05,0.021424813858973848,0.09563,0.0004966666666666666,1298,100,12.98,9,25,11.98,8,24,False,6.130979550071061,6.071034665219486,0.012870820006355643,result/trials/trial_0033_info.arrow,result/trials/trial_0033_pop.arrow,result/trials/trial_0033_agent.arrow
34,TrialState.COMPLETE,0.021251021635742995,auc,optseed6,9202,0.6567089487935489,0.9314113905887473,3e-05,0.021251021635742995,0.09653999999999999,0.00043999999999999996,1337,100,13.37,9,26,12.37,8,25,False,5.883360320003703,5.812824493041262,0.011965567944571376,result/trials/trial_0034_info.arrow,result/trials/trial_0034_pop.arrow,result/trials/trial_0034_agent.arrow
35,TrialState.COMPLETE,0.021281581494915467,auc,optseed6,9202,0.6922590886851426,0.8619365716536257,6e-05,0.021281581494915467,0.09786000000000002,0.00052,1338,100,13.38,9,21,12.38,8,20,False,5.705453008878976,5.636359939118847,0.01904708007350564,result/trials/trial_0035_info.arrow,result/trials/trial_0035_pop.arrow,result/trials/trial_0035_agent.arrow
36,TrialState.COMPLETE,0.021287156178444882,auc,optseed6,9202,0.763527138669674,0.8839259541651427,6e-05,0.021287156178444882,0.09713,0.0004066666666666667,1346,100,13.46,9,22,12.46,8,21,False,5.978061547037214,5.910584866069257,0.017751815961673856,result/trials/trial_0036_info.arrow,result/trials/trial_0036_pop.arrow,result/trials/trial_0036_agent.arrow
37,TrialState.COMPLETE,0.021596716395017094,auc,optseed6,9202,0.8075804260297251,0.854282960939016,3e-05,0.021596716395017094,0.09757999999999999,0.00046,1317,100,13.17,9,22,12.17,8,21,False,5.67571983486414,5.596785319969058,0.016992416931316257,result/trials/trial_0037_info.arrow,result/trials/trial_0037_pop.arrow,result/trials/trial_0037_agent.arrow
38,TrialState.COMPLETE,0.02110239393711723,auc,optseed6,9202,0.6421151458275604,0.9254852047894095,5e-05,0.02110239393711723,0.09695999999999999,0.00033666666666666665,1353,100,13.53,9,24,12.53,8,23,False,5.930724079953507,5.8666046659927815,0.012334513012319803,result/trials/trial_0038_info.arrow,result/trials/trial_0038_pop.arrow,result/trials/trial_0038_agent.arrow
39,TrialState.COMPLETE,0.021290273427423966,auc,optseed6,9202,0.7392241043078419,0.8699221698881372,0.00010999999999999999,0.021290273427423966,0.09714,0.0002466666666666667,1337,100,13.37,9,24,12.37,8,23,False,5.740750398021191,5.675995046971366,0.01198522886261344,result/trials/trial_0039_info.arrow,result/trials/trial_0039_pop.arrow,result/trials/trial_0039_agent.arrow
40,TrialState.COMPLETE,0.021230920569970103,auc,optseed6,9202,0.7452837505659462,0.8726667844928311,8e-05,0.021230920569970103,0.09716999999999999,0.00034666666666666667,1340,100,13.4,9,22,12.4,8,21,False,5.561617552069947,5.500855718972161,0.01235911319963634,result/trials/trial_0040_info.arrow,result/trials/trial_0040_pop.arrow,result/trials/trial_0040_agent.arrow
41,TrialState.COMPLETE,0.021223276563520757,auc,optseed6,9202,0.7451386364919326,0.8370698115878853,9e-05,0.021223276563520757,0.09721000000000002,0.0005133333333333333,1348,100,13.48,9,24,12.48,8,23,False,5.877660905010998,5.8162386731710285,0.011989649152383208,result/trials/trial_0041_info.arrow,result/trials/trial_0041_pop.arrow,result/trials/trial_0041_agent.arrow
42,TrialState.COMPLETE,0.021542441586363408,auc,optseed6,9202,0.7173230802767804,0.9034696633402522,3e-05,0.021542441586363408,0.09715000000000001,0.0003933333333333333,1319,100,13.19,9,21,12.19,8,20,False,6.17557537695393,6.113074301974848,0.012141730869188905,result/trials/trial_0042_info.arrow,result/trials/trial_0042_pop.arrow,result/trials/trial_0042_agent.arrow
43,TrialState.COMPLETE,0.021343368622390682,auc,optseed6,9202,0.6609903711314686,0.9178433819642229,2e-05,0.021343368622390682,0.09756000000000001,0.00042666666666666667,1318,100,13.18,9,24,12.18,8,23,False,5.635816843016073,5.569110309006646,0.012384623056277633,result/trials/trial_0043_info.arrow,result/trials/trial_0043_pop.arrow,result/trials/trial_0043_agent.arrow
44,TrialState.COMPLETE,0.021469058008975143,auc,optseed6,9202,0.6562596619993823,0.9054718279146707,5e-05,0.021469058008975143,0.09721000000000002,0.0004066666666666666,1338,100,13.38,9,23,12.38,8,22,False,6.036620136117563,5.974928181851283,0.011918917996808887,result/trials/trial_0044_info.arrow,result/trials/trial_0044_pop.arrow,result/trials/trial_0044_agent.arrow
45,TrialState.COMPLETE,0.021389282284318408,auc,optseed6,9202,0.7391593580686091,0.9255324471672072,6e-05,0.021389282284318408,0.09694999999999998,0.00045,1336,100,13.36,9,24,12.36,8,23,False,5.750915905926377,5.687960915965959,0.011884667910635471,result/trials/trial_0045_info.arrow,result/trials/trial_0045_pop.arrow,result/trials/trial_0045_agent.arrow
46,TrialState.COMPLETE,0.021045648027329004,auc,optseed6,9202,0.6434571840908163,0.8581898593690984,6e-05,0.021045648027329004,0.09776,0.00041999999999999996,1367,100,13.67,9,23,12.67,8,22,False,5.970652702031657,5.894208715995774,0.01796755800023675,result/trials/trial_0046_info.arrow,result/trials/trial_0046_pop.arrow,result/trials/trial_0046_agent.arrow
47,TrialState.COMPLETE,0.0207102457189783,auc,optseed6,9202,0.5897588089873693,0.9626032806164915,5e-05,0.0207102457189783,0.09554,0.00036,1351,100,13.51,9,22,12.51,8,21,False,5.97926178202033,5.916276091942564,0.01199044892564416,result/trials/trial_0047_info.arrow,result/trials/trial_0047_pop.arrow,result/trials/trial_0047_agent.arrow
48,TrialState.COMPLETE,0.021867651033392135,auc,optseed6,9202,0.625935057477341,0.8239728423451453,3e-05,0.021867651033392135,0.09709000000000001,0.00063,1277,100,12.77,9,22,11.77,8,21,False,5.421708150999621,5.353264348115772,0.01178779685869813,result/trials/trial_0048_info.arrow,result/trials/trial_0048_pop.arrow,result/trials/trial_0048_agent.arrow
49,TrialState.COMPLETE,0.02059945799779856,auc,optseed6,9202,0.6678142204795559,0.9980171369346489,2e-05,0.02059945799779856,0.09518999999999998,0.0002466666666666667,1342,100,13.42,9,22,12.42,8,21,False,5.6969682208728045,5.62807067297399,0.01197701902128756,result/trials/trial_0049_info.arrow,result/trials/trial_0049_pop.arrow,result/trials/trial_0049_agent.arrow
50,TrialState.COMPLETE,0.021110914603757094,auc,optseed6,9202,0.6056177731358047,0.8720914595353497,6e-05,0.021110914603757094,0.09716000000000001,0.00031,1339,100,13.39,9,22,12.39,8,21,False,5.783623975003138,5.720238000154495,0.012054519960656762,result/trials/trial_0050_info.arrow,result/trials/trial_0050_pop.arrow,result/trials/trial_0050_agent.arrow
51,TrialState.COMPLETE,0.02089342342427233,auc,optseed6,9202,0.5033396467192568,0.9360670761613009,3e-05,0.02089342342427233,0.09617999999999997,0.00042,1339,100,13.39,8,31,12.39,7,30,False,5.699596092104912,5.637182708131149,0.01203028904274106,result/trials/trial_0051_info.arrow,result/trials/trial_0051_pop.arrow,result/trials/trial_0051_agent.arrow
52,TrialState.COMPLETE,0.022088632157230448,auc,optseed6,9202,0.7026785407673779,0.8083818784260137,6e-05,0.022088632157230448,0.0967,0.00058,1243,100,12.43,9,22,11.43,8,21,False,5.472090324852616,5.4018039109651,0.018959039822220802,result/trials/trial_0052_info.arrow,result/trials/trial_0052_pop.arrow,result/trials/trial_0052_agent.arrow
53,TrialState.COMPLETE,0.021763151205691455,auc,optseed6,9202,0.6353585992932713,0.9086944595825869,5e-05,0.021763151205691455,0.09734999999999999,0.0005166666666666667,1299,100,12.99,9,21,11.99,8,20,False,6.2289080349728465,6.165064804023132,0.011999689973890781,result/trials/trial_0053_info.arrow,result/trials/trial_0053_pop.arrow,result/trials/trial_0053_agent.arrow
54,TrialState.COMPLETE,0.022232694985956595,auc,optseed6,9202,0.5565203825530888,0.796391778919677,2e-05,0.022232694985956595,0.09713000000000001,0.0005233333333333333,1220,100,12.2,9,21,11.2,8,20,False,5.4661630059126765,5.390726571902633,0.0178017970174551,result/trials/trial_0054_info.arrow,result/trials/trial_0054_pop.arrow,result/trials/trial_0054_agent.arrow
55,TrialState.COMPLETE,0.021136882833512713,auc,optseed6,9202,0.698497535123388,0.8594936792279044,7.000000000000001e-05,0.021136882833512713,0.098,0.0005233333333333333,1358,100,13.58,9,23,12.58,8,22,False,5.983750344021246,5.907934025162831,0.01936121517792344,result/trials/trial_0055_info.arrow,result/trials/trial_0055_pop.arrow,result/trials/trial_0055_agent.arrow
56,TrialState.COMPLETE,0.0206501263910668,auc,optseed6,9202,0.5317118836667731,0.9990916681130483,2e-05,0.0206501263910668,0.09519,0.00024,1342,100,13.42,9,22,12.42,8,21,False,5.493609783938155,5.430556914070621,0.011991088977083564,result/trials/trial_0056_info.arrow,result/trials/trial_0056_pop.arrow,result/trials/trial_0056_agent.arrow
57,TrialState.COMPLETE,0.021074379823435935,auc,optseed6,9202,0.6891592650239458,0.9749707294409817,5e-05,0.021074379823435935,0.09564,0.00048,1322,100,13.22,9,22,12.22,8,21,False,5.770218529039994,5.7069558668881655,0.011965228011831641,result/trials/trial_0057_info.arrow,result/trials/trial_0057_pop.arrow,result/trials/trial_0057_agent.arrow
58,TrialState.COMPLETE,0.021240921395340128,auc,optseed6,9202,0.5347095688716228,0.8933393407641662,4e-05,0.021240921395340128,0.09720000000000002,0.00043999999999999996,1331,100,13.31,9,22,12.31,8,21,False,6.059953606920317,5.9871496229898185,0.02235232898965478,result/trials/trial_0058_info.arrow,result/trials/trial_0058_pop.arrow,result/trials/trial_0058_agent.arrow
59,TrialState.COMPLETE,0.021046668210235348,auc,optseed6,9202,0.5292292990637257,0.9869289910529176,6e-05,0.021046668210235348,0.09545,0.0004633333333333333,1274,100,12.74,9,23,11.74,8,22,False,5.428961436031386,5.368216931819916,0.012076769955456257,result/trials/trial_0059_info.arrow,result/trials/trial_0059_pop.arrow,result/trials/trial_0059_agent.arrow
60,TrialState.COMPLETE,0.021017322918352718,auc,optseed6,9202,0.6309235228980572,0.9520497936429532,5e-05,0.021017322918352718,0.09584,0.0003233333333333333,1365,100,13.65,9,21,12.65,8,20,False,5.9889660850167274,5.919590770965442,0.012407062808051705,result/trials/trial_0060_info.arrow,result/trials/trial_0060_pop.arrow,result/trials/trial_0060_agent.arrow
61,TrialState.COMPLETE,0.02114467467564255,auc,optseed6,9202,0.5897240827422836,0.9842126025445495,5e-05,0.02114467467564255,0.09562999999999999,0.00046,1267,100,12.67,8,19,11.67,7,18,False,5.5046736530493945,5.437124900054187,0.012075339909642935,result/trials/trial_0061_info.arrow,result/trials/trial_0061_pop.arrow,result/trials/trial_0061_agent.arrow
62,TrialState.COMPLETE,0.02076754157919936,auc,optseed6,9202,0.5539466501038134,0.994135734109536,4e-05,0.02076754157919936,0.09535,0.0003266666666666666,1315,100,13.15,9,23,12.15,8,22,False,5.527671049116179,5.4655025789979845,0.012316673062741756,result/trials/trial_0062_info.arrow,result/trials/trial_0062_pop.arrow,result/trials/trial_0062_agent.arrow
63,TrialState.COMPLETE,0.021603255287325332,auc,optseed6,9202,0.553584306144489,0.9209071628013767,6e-05,0.021603255287325332,0.09757999999999999,0.00037,1292,100,12.92,9,22,11.92,8,21,False,5.601059739012271,5.5390340408775955,0.012188130989670753,result/trials/trial_0063_info.arrow,result/trials/trial_0063_pop.arrow,result/trials/trial_0063_agent.arrow
64,TrialState.COMPLETE,0.021210505943274133,auc,optseed6,9202,0.5198707974796747,0.922775452835779,5e-05,0.021210505943274133,0.09766,0.0003266666666666666,1330,100,13.3,9,22,12.3,8,21,False,5.779782330151647,5.71727811684832,0.012411362957209349,result/trials/trial_0064_info.arrow,result/trials/trial_0064_pop.arrow,result/trials/trial_0064_agent.arrow
65,TrialState.COMPLETE,0.02154437965526046,auc,optseed6,9202,0.5698747278160161,0.9097007610586407,6e-05,0.02154437965526046,0.09741000000000001,0.0005066666666666667,1301,100,13.01,9,22,12.01,8,21,False,5.981703220168129,5.917868899879977,0.011981109157204628,result/trials/trial_0065_info.arrow,result/trials/trial_0065_pop.arrow,result/trials/trial_0065_agent.arrow
66,TrialState.COMPLETE,0.02137931182341051,auc,optseed6,9202,0.6124895267998862,0.9269887565864436,8e-05,0.02137931182341051,0.09666999999999999,0.0004633333333333333,1315,100,13.15,9,21,12.15,8,20,False,5.800395398866385,5.733808018034324,0.012333422899246216,result/trials/trial_0066_info.arrow,result/trials/trial_0066_pop.arrow,result/trials/trial_0066_agent.arrow
67,TrialState.COMPLETE,0.02093267903054604,auc,optseed6,9202,0.6759129691940571,0.9914869510657277,7.000000000000001e-05,0.02093267903054604,0.09524999999999999,0.0003966666666666667,1296,100,12.96,9,24,11.96,8,23,False,5.55284191085957,5.479048666078597,0.016294888919219375,result/trials/trial_0067_info.arrow,result/trials/trial_0067_pop.arrow,result/trials/trial_0067_agent.arrow
68,TrialState.COMPLETE,0.021079565157065158,auc,optseed6,9202,0.512001579649336,0.9866938694783296,7.000000000000001e-05,0.021079565157065158,0.09541000000000001,0.00044666666666666666,1276,100,12.76,9,22,11.76,8,21,False,5.574155296897516,5.506696386029944,0.011935919057577848,result/trials/trial_0068_info.arrow,result/trials/trial_0068_pop.arrow,result/trials/trial_0068_agent.arrow
69,TrialState.COMPLETE,0.02100021999431597,auc,optseed6,9202,0.5409023473352149,0.9399348217881826,3e-05,0.02100021999431597,0.09612999999999998,0.00036,1336,100,13.36,8,22,12.36,7,21,False,5.6994103589095175,5.631171018118039,0.017991838976740837,result/trials/trial_0069_info.arrow,result/trials/trial_0069_pop.arrow,result/trials/trial_0069_agent.arrow
70,TrialState.COMPLETE,0.021038516935006336,auc,optseed6,9202,0.6044863232001056,0.9861615578318585,6e-05,0.021038516935006336,0.09539999999999998,0.0004133333333333333,1277,100,12.77,9,23,11.77,8,22,False,5.502845701994374,5.438505875878036,0.012043789029121399,result/trials/trial_0070_info.arrow,result/trials/trial_0070_pop.arrow,result/trials/trial_0070_agent.arrow
71,TrialState.COMPLETE,0.021745047879064523,auc,optseed6,9202,0.6555211709582848,0.9084101071002536,5e-05,0.021745047879064523,0.09733,0.0005233333333333333,1295,100,12.95,9,22,11.95,8,21,False,6.046736263902858,5.9798301190603524,0.0120192791800946,result/trials/trial_0071_info.arrow,result/trials/trial_0071_pop.arrow,result/trials/trial_0071_agent.arrow
72,TrialState.COMPLETE,0.021126496769183687,auc,optseed6,9202,0.5711519146959947,0.9836640275587634,4e-05,0.021126496769183687,0.09552,0.0003966666666666667,1272,100,12.72,9,19,11.72,8,18,False,5.5633104119915515,5.494168990990147,0.01830377196893096,result/trials/trial_0072_info.arrow,result/trials/trial_0072_pop.arrow,result/trials/trial_0072_agent.arrow
73,TrialState.COMPLETE,0.0212480668155374,auc,optseed6,9202,0.6849251958583067,0.984494305215617,5e-05,0.0212480668155374,0.09545999999999999,0.00044666666666666666,1257,100,12.57,8,20,11.57,7,19,False,5.610159055097029,5.54400095785968,0.012082049855962396,result/trials/trial_0073_info.arrow,result/trials/trial_0073_pop.arrow,result/trials/trial_0073_agent.arrow
74,TrialState.COMPLETE,0.02083912193297758,auc,optseed6,9202,0.586845073791201,0.9772214794103373,4e-05,0.02083912193297758,0.09598,0.00042333333333333334,1341,100,13.41,9,22,12.41,8,21,False,5.695260270964354,5.6338038390967995,0.012043169932439923,result/trials/trial_0074_info.arrow,result/trials/trial_0074_pop.arrow,result/trials/trial_0074_agent.arrow
75,TrialState.COMPLETE,0.020936401779635915,auc,optseed6,9202,0.6098584174644819,0.9767108086767609,5e-05,0.020936401779635915,0.09589,0.00042666666666666667,1342,100,13.42,9,22,12.42,8,21,False,5.594784526852891,5.536578282015398,0.012159700971096754,result/trials/trial_0075_info.arrow,result/trials/trial_0075_pop.arrow,result/trials/trial_0075_agent.arrow
76,TrialState.COMPLETE,0.021254403767580442,auc,optseed6,9202,0.53229941148232,0.9673935931306376,6e-05,0.021254403767580442,0.09569,0.00043666666666666664,1311,100,13.11,9,23,12.11,8,22,False,6.079796856967732,6.0171415011864156,0.012401703046634793,result/trials/trial_0076_info.arrow,result/trials/trial_0076_pop.arrow,result/trials/trial_0076_agent.arrow
77,TrialState.COMPLETE,0.020876949833730306,auc,optseed6,9202,0.7053740405496263,0.9387661189402047,3e-05,0.020876949833730306,0.09621999999999999,0.0003166666666666667,1361,100,13.61,8,23,12.61,7,22,False,5.679047512821853,5.618125437991694,0.011974618071690202,result/trials/trial_0077_info.arrow,result/trials/trial_0077_pop.arrow,result/trials/trial_0077_agent.arrow
78,TrialState.COMPLETE,0.02131590739085849,auc,optseed6,9202,0.6664428960636246,0.9658166430207635,4e-05,0.02131590739085849,0.09545999999999999,0.0005033333333333334,1312,100,13.12,9,23,12.12,8,22,False,6.180859507992864,6.1183549331035465,0.012312733102589846,result/trials/trial_0078_info.arrow,result/trials/trial_0078_pop.arrow,result/trials/trial_0078_agent.arrow
79,TrialState.COMPLETE,0.021170958634608092,auc,optseed6,9202,0.5814443398546768,0.9283039574741625,6e-05,0.021170958634608092,0.09666999999999999,0.00045,1347,100,13.47,9,25,12.47,8,24,False,6.080428283894435,6.007243206026033,0.012440985068678856,result/trials/trial_0079_info.arrow,result/trials/trial_0079_pop.arrow,result/trials/trial_0079_agent.arrow
80,TrialState.COMPLETE,0.0209122649075211,auc,optseed6,9202,0.5757636511335882,0.9396591309816538,4e-05,0.0209122649075211,0.09621999999999999,0.00036,1350,100,13.5,8,24,12.5,7,23,False,5.654965114081278,5.592760313069448,0.012094809906557202,result/trials/trial_0080_info.arrow,result/trials/trial_0080_pop.arrow,result/trials/trial_0080_agent.arrow
81,TrialState.COMPLETE,0.02108951289315447,auc,optseed6,9202,0.5850126090282907,0.9859619508622273,4e-05,0.02108951289315447,0.09545999999999999,0.0004,1276,100,12.76,9,23,11.76,8,22,False,5.49085011286661,5.427280095871538,0.012298421934247017,result/trials/trial_0081_info.arrow,result/trials/trial_0081_pop.arrow,result/trials/trial_0081_agent.arrow
82,TrialState.COMPLETE,0.020883630905257453,auc,optseed6,9202,0.5777851336226794,0.9830222017250689,5e-05,0.020883630905257453,0.09552,0.0004066666666666667,1289,100,12.89,9,20,11.89,8,19,False,5.56413618195802,5.5027258701156825,0.012278242036700249,result/trials/trial_0082_info.arrow,result/trials/trial_0082_pop.arrow,result/trials/trial_0082_agent.arrow
83,TrialState.COMPLETE,0.021066624924482122,auc,optseed6,9202,0.573209821186873,0.9598339791802191,5e-05,0.021066624924482122,0.09534999999999999,0.0004,1323,100,13.23,9,22,12.23,8,21,False,6.337166999001056,6.279922095127404,0.012023059884086251,result/trials/trial_0083_info.arrow,result/trials/trial_0083_pop.arrow,result/trials/trial_0083_agent.arrow
84,TrialState.COMPLETE,0.020993377818689738,auc,optseed6,9202,0.6388266635424826,0.9922902766679988,9e-05,0.020993377818689738,0.09523999999999999,0.00041666666666666664,1291,100,12.91,9,24,11.91,8,23,False,5.49010444409214,5.427844631951302,0.011982348980382085,result/trials/trial_0084_info.arrow,result/trials/trial_0084_pop.arrow,result/trials/trial_0084_agent.arrow
85,TrialState.COMPLETE,0.020929358006587493,auc,optseed6,9202,0.5848498697468736,0.9830568345759215,5e-05,0.020929358006587493,0.09552,0.00039,1286,100,12.86,9,20,11.86,8,19,False,5.673240046016872,5.599751493893564,0.018295482033863664,result/trials/trial_0085_info.arrow,result/trials/trial_0085_pop.arrow,result/trials/trial_0085_agent.arrow
86,TrialState.COMPLETE,0.021024154527232317,auc,optseed6,9202,0.6161998021079497,0.948842913095211,0.0,0.021024154527232317,0.09595999999999999,0.00034333333333333335,1348,100,13.48,9,22,12.48,8,21,False,5.716810561018065,5.646205051802099,0.018804288003593683,result/trials/trial_0086_info.arrow,result/trials/trial_0086_pop.arrow,result/trials/trial_0086_agent.arrow
87,TrialState.COMPLETE,0.021053173709340192,auc,optseed6,9202,0.5797492155218762,0.944348584334475,4e-05,0.021053173709340192,0.09594999999999997,0.0004766666666666667,1357,100,13.57,8,25,12.57,7,24,False,5.658327732933685,5.592989736003801,0.01715743914246559,result/trials/trial_0087_info.arrow,result/trials/trial_0087_pop.arrow,result/trials/trial_0087_agent.arrow
88,TrialState.COMPLETE,0.020931300776794583,auc,optseed6,9202,0.6264116171805996,0.949227468678871,1e-05,0.020931300776794583,0.09601999999999998,0.00033666666666666665,1364,100,13.64,9,22,12.64,8,21,False,5.881302926922217,5.818808923009783,0.01199843897484243,result/trials/trial_0088_info.arrow,result/trials/trial_0088_pop.arrow,result/trials/trial_0088_agent.arrow
89,TrialState.COMPLETE,0.021068762044027523,auc,optseed6,9202,0.5106221519972582,0.9380255071359722,4e-05,0.021068762044027523,0.09628999999999997,0.00040333333333333334,1331,100,13.31,8,26,12.31,7,25,False,5.560342836892232,5.495699079008773,0.012178160948678851,result/trials/trial_0089_info.arrow,result/trials/trial_0089_pop.arrow,result/trials/trial_0089_agent.arrow
90,TrialState.COMPLETE,0.020882475405055896,auc,optseed6,9202,0.5594497491144795,0.9641699851981231,4e-05,0.020882475405055896,0.09573000000000001,0.00039,1348,100,13.48,9,22,12.48,8,21,False,6.044278805144131,5.9807786389719695,0.011863208143040538,result/trials/trial_0090_info.arrow,result/trials/trial_0090_pop.arrow,result/trials/trial_0090_agent.arrow
91,TrialState.COMPLETE,0.020921650849537458,auc,optseed6,9202,0.5904009712391889,0.9828391574062894,5e-05,0.020921650849537458,0.09552,0.0003966666666666667,1286,100,12.86,9,20,11.86,8,19,False,5.556023698067293,5.4881172210443765,0.012011018814519048,result/trials/trial_0091_info.arrow,result/trials/trial_0091_pop.arrow,result/trials/trial_0091_agent.arrow
92,TrialState.COMPLETE,0.02093677827347231,auc,optseed6,9202,0.6036887057118764,0.951718084050892,4e-05,0.02093677827347231,0.09597,0.00040333333333333334,1377,100,13.77,9,25,12.77,8,24,False,5.812254286138341,5.748562358086929,0.012086050119251013,result/trials/trial_0092_info.arrow,result/trials/trial_0092_pop.arrow,result/trials/trial_0092_agent.arrow
93,TrialState.COMPLETE,0.020825572658722428,auc,optseed6,9202,0.5868975407809489,0.9733033808250119,5e-05,0.020825572658722428,0.09549000000000002,0.00041666666666666664,1355,100,13.55,9,22,12.55,8,21,False,5.715071369893849,5.640073430957273,0.0185876761097461,result/trials/trial_0093_info.arrow,result/trials/trial_0093_pop.arrow,result/trials/trial_0093_agent.arrow
94,TrialState.COMPLETE,0.02115729522588695,auc,optseed6,9202,0.607376813353325,0.9673769679291896,6e-05,0.02115729522588695,0.09568,0.00043666666666666664,1312,100,13.12,9,22,12.12,8,21,False,6.075144333066419,6.00981246586889,0.01246270490810275,result/trials/trial_0094_info.arrow,result/trials/trial_0094_pop.arrow,result/trials/trial_0094_agent.arrow
95,TrialState.COMPLETE,0.020991924874360243,auc,optseed6,9202,0.5671163156391175,0.983160829371872,5e-05,0.020991924874360243,0.09550999999999998,0.0003966666666666667,1287,100,12.87,9,19,11.87,8,18,False,5.631011826917529,5.559536297805607,0.0188749588560313,result/trials/trial_0095_info.arrow,result/trials/trial_0095_pop.arrow,result/trials/trial_0095_agent.arrow
96,TrialState.COMPLETE,0.02093417355903545,auc,optseed6,9202,0.5667471092977417,0.9457654127291333,5e-05,0.02093417355903545,0.09600999999999997,0.00048,1342,100,13.42,8,23,12.42,7,22,False,5.835307333152741,5.768853534013033,0.017478692112490535,result/trials/trial_0096_info.arrow,result/trials/trial_0096_pop.arrow,result/trials/trial_0096_agent.arrow
97,TrialState.COMPLETE,0.020893558631384094,auc,optseed6,9202,0.5668756755908414,0.9758601159969867,4e-05,0.020893558631384094,0.09559000000000001,0.00044333333333333334,1336,100,13.36,9,25,12.36,8,24,False,5.542024704860523,5.473151218146086,0.01246272400021553,result/trials/trial_0097_info.arrow,result/trials/trial_0097_pop.arrow,result/trials/trial_0097_agent.arrow
98,TrialState.COMPLETE,0.020802368453957464,auc,optseed6,9202,0.5420061313401203,0.9800607260726693,5e-05,0.020802368453957464,0.09573999999999999,0.00038666666666666667,1333,100,13.33,9,20,12.33,8,19,False,5.547395427944139,5.4797288230620325,0.017251919955015182,result/trials/trial_0098_info.arrow,result/trials/trial_0098_pop.arrow,result/trials/trial_0098_agent.arrow
99,TrialState.COMPLETE,0.020955844758956208,auc,optseed6,9202,0.5775239702911509,0.9771534646871288,2e-05,0.020955844758956208,0.09592,0.0003733333333333333,1341,100,13.41,9,22,12.41,8,21,False,5.654066304210573,5.584846341982484,0.018868478015065193,result/trials/trial_0099_info.arrow,result/trials/trial_0099_pop.arrow,result/trials/trial_0099_agent.arrow
